session_id,started_at,last_seen_at,page_hint,focused_project
4cb37aac-4bad-45dd-bb1d-4c7e44c766d9,2026-02-17T16:27:50Z,2026-02-17T16:30:50Z,/concierge,Horizon
f0dc784f-963e-40c5-8660-38169c5591f6,2026-02-26T20:31:57Z,2026-02-26T20:40:57Z,/concierge,Vero
8413acd0-37a1-4b4f-be3e-3aaea997d780,2026-02-21T02:24:02Z,2026-02-21T02:33:02Z,/concierge,Horizon
6ff92bdd-7ada-4287-b581-8b311987d0ec,2026-02-18T23:38:37Z,2026-02-18T23:52:37Z,/concierge,Neo
6bdd89ca-e741-41c9-b369-67cbfcef9c1d,2026-03-01T23:02:02Z,2026-03-01T23:09:02Z,/concierge,Breeze
24eea5fa-d73e-4629-a59b-322061c289bd,2026-02-05T23:00:18Z,2026-02-05T23:14:18Z,/concierge,Promenade New Cairo
bab7b3a7-2463-403a-b519-356da4b517f9,2026-02-27T18:39:13Z,2026-02-27T18:47:13Z,/concierge,Vero
296b9d3d-62e2-4460-bdf1-0963160e8bb9,2026-02-16T21:52:34Z,2026-02-16T21:55:34Z,/concierge,Neo
5206c992-3c71-4734-993f-d4686a0e249b,2026-02-27T02:51:05Z,2026-02-27T03:00:05Z,/concierge,Neo Lakes
9761f381-f84e-435f-b920-a6e31fe27f47,2026-03-01T17:12:35Z,2026-03-01T17:25:35Z,/concierge,Waterside
71b73684-226d-4a2c-afa5-46087de963ba,2026-03-02T15:18:18Z,2026-03-02T15:22:18Z,/concierge,Living Community
ea66e04b-4286-430e-815e-5243bb8b035a,2026-02-16T14:01:45Z,2026-02-16T14:15:45Z,/concierge,Promenade New Cairo
e3f0084b-63a2-46c3-9fed-99c0a40e5588,2026-02-22T21:16:11Z,2026-02-22T21:21:11Z,/concierge,Murano
2b5b9f12-c520-4f0c-8e3e-93f7609e0d25,2026-02-24T15:24:36Z,2026-02-24T15:37:36Z,/concierge,Ojo
8afafd1e-b9c9-444d-a017-9e4c724cf006,2026-02-24T22:12:13Z,2026-02-24T22:20:13Z,/concierge,Edge
a8b6263f-c96a-4910-8e75-0c87773f5d5b,2026-02-17T16:57:00Z,2026-02-17T17:09:00Z,/concierge,Neo Lakes
c826ac24-c4ab-4780-8990-556b56b42857,2026-02-23T17:54:12Z,2026-02-23T18:04:12Z,/concierge,Vero
6cd36d14-7439-4fec-96b1-7f48b910c245,2026-02-18T03:56:24Z,2026-02-18T04:04:24Z,/concierge,VYON
75fe4947-ae3b-4e74-b75c-b830ea57d82c,2026-03-04T12:13:27Z,2026-03-04T12:24:27Z,/concierge,Living Community
6f42fda7-1e82-4b21-9b1c-e6853cde417c,2026-02-27T18:09:37Z,2026-02-27T18:24:37Z,/concierge,Neo Gardens
86c274cd-acd5-42a5-988a-b4cf7afaefe6,2026-02-28T18:17:47Z,2026-02-28T18:31:47Z,/concierge,Waterside
a44825db-dea5-4597-871c-1028a2c947fe,2026-02-28T19:57:08Z,2026-02-28T20:01:08Z,/concierge,Neo Gardens
1c373479-f2a3-4fa6-896f-c83468da68e1,2026-03-02T17:45:14Z,2026-03-02T17:49:14Z,/concierge,Neo Lakes
4e960bb9-8f84-4181-a79f-2d54c31db840,2026-03-03T20:03:41Z,2026-03-03T20:05:41Z,/concierge,Neo Gardens
88f8b3dd-8da8-4abb-936d-31e2e0528679,2026-02-18T21:14:18Z,2026-02-18T21:25:18Z,/concierge,VYON
b9c59c54-d38b-4b82-a79f-93105da159e9,2026-03-01T22:09:01Z,2026-03-01T22:12:01Z,/concierge,Ojo
9bf8b1fe-20ce-4d22-8e31-c02d931965b7,2026-02-19T02:20:16Z,2026-02-19T02:34:16Z,/concierge,Living Community
b5a1979d-98f0-48ef-aac2-fee0c0c13f55,2026-02-09T20:58:22Z,2026-02-09T21:11:22Z,/concierge,Edge
8a24a84c-b798-4edf-87ae-e3ee785df5e7,2026-02-12T17:59:33Z,2026-02-12T18:09:33Z,/concierge,Murano
c2b54a1a-3b05-4388-bfee-8767fbeeb710,2026-02-26T22:16:58Z,2026-02-26T22:27:58Z,/concierge,ClubTown
d110c761-fd8c-4591-9b58-bf22fb3088cc,2026-03-02T00:20:16Z,2026-03-02T00:31:16Z,/concierge,Promenade New Cairo
5f5c43c0-b5d3-4fb7-aa4d-97547b060848,2026-03-03T15:27:14Z,2026-03-03T15:41:14Z,/concierge,Vero
8b2e03ae-b807-405c-aa49-372fd8ea39d8,2026-03-02T14:46:45Z,2026-03-02T14:57:45Z,/concierge,Waterside
77e0d2ff-c6ba-4234-980e-dc57d5c73df4,2026-02-21T02:20:33Z,2026-02-21T02:33:33Z,/concierge,Neo
f4e44acb-f812-4b86-8d84-d8ca2a99aa38,2026-02-09T12:05:27Z,2026-02-09T12:16:27Z,/concierge,Neo Lakes
508c804c-81d8-4bc8-9336-10734874f423,2026-02-25T22:50:45Z,2026-02-25T23:04:45Z,/concierge,Vero
c905fcbc-b0bb-43cd-b3eb-7e767dbf2a60,2026-02-25T01:26:46Z,2026-02-25T01:29:46Z,/concierge,Promenade New Cairo
c58da7da-17f9-456f-a606-82c124b1865e,2026-03-02T00:07:00Z,2026-03-02T00:11:00Z,/concierge,Horizon
8165084c-af39-4741-9793-108f2bca7a31,2026-03-02T22:00:57Z,2026-03-02T22:11:57Z,/concierge,Vero
32a90aad-3322-4c6b-a731-18a842176412,2026-02-28T15:29:37Z,2026-02-28T15:40:37Z,/concierge,Waterside
92c2fe30-362e-4aa1-82a3-c3ec21d78d03,2026-02-25T21:07:20Z,2026-02-25T21:18:20Z,/concierge,Horizon
6600197e-7934-49d0-92d8-e77320eb51fb,2026-03-02T04:58:26Z,2026-03-02T05:11:26Z,/concierge,Ojo
76df1cb3-1ace-4850-aed3-200dcae0cf20,2026-02-26T19:51:34Z,2026-02-26T19:55:34Z,/concierge,Neo Lakes
b75533a0-2c02-4bb6-a43c-3f7d7d1789a9,2026-02-13T17:51:06Z,2026-02-13T17:56:06Z,/concierge,Neo Gardens
da15e418-9204-4c5e-b542-7a9985bf0cc4,2026-02-14T15:51:47Z,2026-02-14T16:01:47Z,/concierge,Vero
380aac69-d64f-4e4b-bd6e-ecd0dba4574d,2026-02-21T19:54:48Z,2026-02-21T20:07:48Z,/concierge,Ojo
46d291ce-c94d-440b-a057-4d75e3eb4a7c,2026-03-03T23:36:57Z,2026-03-03T23:45:57Z,/concierge,Edge
37e073e0-f776-4ef5-85f8-bdc3cdeb61d0,2026-02-24T19:12:52Z,2026-02-24T19:16:52Z,/concierge,Floating Islands
c6c3fa01-9efa-41e9-b083-75eb02d73ff7,2026-03-03T23:42:57Z,2026-03-03T23:55:57Z,/concierge,Neo
2a70336b-8eac-4356-8a18-e9d0277f9834,2026-02-18T23:28:46Z,2026-02-18T23:38:46Z,/concierge,Waterside
0011bca2-6205-4601-96a8-85cb4c21bd48,2026-02-05T22:02:14Z,2026-02-05T22:05:14Z,/concierge,Horizon
d16bb788-435a-4881-89d1-9f0898bacfae,2026-02-25T03:05:23Z,2026-02-25T03:07:23Z,/concierge,Promenade New Cairo
7bf157ad-8c2c-4ef1-8695-0365adb0ab2b,2026-02-16T00:24:45Z,2026-02-16T00:33:45Z,/concierge,Ojo
99377f28-db6c-4736-809e-08249825f17c,2026-03-01T23:49:16Z,2026-03-02T00:01:16Z,/concierge,Vero
900aa683-ba0a-4516-8812-b0f2b6544201,2026-02-26T17:30:36Z,2026-02-26T17:38:36Z,/concierge,Ojo
515aca38-6d31-415d-a401-9ba75b9f3e5b,2026-02-20T00:11:20Z,2026-02-20T00:23:20Z,/concierge,Edge
26665ac6-8fae-4bd5-a84d-18543fc164d5,2026-03-03T23:41:38Z,2026-03-03T23:44:38Z,/concierge,Neo Gardens
a8762772-8c04-47e6-ba36-c163b444b48b,2026-03-01T15:43:18Z,2026-03-01T15:51:18Z,/concierge,Promenade New Cairo
fe248880-637d-4ae5-99af-089c5aeb49b5,2026-02-02T00:44:05Z,2026-02-02T00:51:05Z,/concierge,Floating Islands
54dd5c64-4761-4bc8-b693-c7d10c6a8d67,2026-02-09T02:34:45Z,2026-02-09T02:48:45Z,/concierge,Vero
0bc9f736-6cf5-44e4-825c-755bc31f7476,2026-02-14T17:07:33Z,2026-02-14T17:12:33Z,/concierge,ClubTown
4c1b75a1-2a15-48fc-b443-455923101c06,2026-02-24T15:53:28Z,2026-02-24T15:59:28Z,/concierge,Living Community
db9d208f-4689-4387-b5dd-988471c39383,2026-03-01T00:28:09Z,2026-03-01T00:37:09Z,/concierge,ClubTown
ac377588-2433-49e4-b35f-73d240daba55,2026-02-22T03:35:24Z,2026-02-22T03:47:24Z,/concierge,Vero
c8ae9f40-e0b2-4f9d-a5fd-e4d771de926d,2026-02-17T10:45:48Z,2026-02-17T10:48:48Z,/concierge,Horizon
ecfd6d3b-8ff8-4500-a57f-b302090789c3,2026-02-19T23:11:41Z,2026-02-19T23:19:41Z,/concierge,VYON
eca487f6-62cb-4a52-bf07-f80bb6fc08b1,2026-02-19T17:59:38Z,2026-02-19T18:03:38Z,/concierge,Breeze
8540c926-2958-4885-b642-716b23ef2690,2026-03-03T20:05:42Z,2026-03-03T20:16:42Z,/concierge,Waterside
287a2634-a308-4dd1-b530-4b711fef4e20,2026-02-21T22:26:06Z,2026-02-21T22:40:06Z,/concierge,Vero
7c7257a4-c2bf-4527-a8fc-55ca914220ac,2026-02-27T05:38:02Z,2026-02-27T05:46:02Z,/concierge,Promenade New Cairo
bbe48ace-469b-4273-b765-5053802f45bd,2026-02-27T23:32:27Z,2026-02-27T23:35:27Z,/concierge,Vero
bc7a3ab6-19d6-42e6-be6f-3a9ebb47c2de,2026-02-27T20:04:35Z,2026-02-27T20:15:35Z,/concierge,Promenade New Cairo
bc390e73-a889-4ca0-819f-9c3905ae210a,2026-03-04T10:47:22Z,2026-03-04T10:50:22Z,/concierge,Vero
42998d04-10b8-45bd-ab90-c833eb275e88,2026-02-16T18:27:41Z,2026-02-16T18:40:41Z,/concierge,Ojo
9acfec86-08f2-4c32-a1fc-ea468bda22b0,2026-02-28T14:52:10Z,2026-02-28T14:58:10Z,/concierge,Neo Lakes
1318c261-27b1-43e2-a863-967600062feb,2026-03-03T00:57:04Z,2026-03-03T01:05:04Z,/concierge,Vero
812dec03-8ea3-4b31-9965-87b600fda2f7,2026-02-16T16:10:05Z,2026-02-16T16:12:05Z,/concierge,Edge
f9ad73e0-6a55-4a3f-9999-c44aca01d86c,2026-02-15T05:25:25Z,2026-02-15T05:32:25Z,/concierge,Neo Gardens
fbfd5156-8e24-45eb-b06d-939717d90dfc,2026-02-26T20:23:08Z,2026-02-26T20:36:08Z,/concierge,ClubTown
64792a0c-b373-4853-913c-fdcc375dcfcd,2026-02-27T03:13:44Z,2026-02-27T03:22:44Z,/concierge,Neo Gardens
9ca10ad7-6348-4680-a2df-369f213a3ab6,2026-02-04T16:34:12Z,2026-02-04T16:38:12Z,/concierge,Horizon
cad07d8d-15e1-436e-8130-8b3f57e4648c,2026-02-26T00:34:25Z,2026-02-26T00:41:25Z,/concierge,Neo Lakes
b8f605df-07f2-4afe-8f65-19451addf302,2026-03-02T14:56:36Z,2026-03-02T15:00:36Z,/concierge,VYON
b62da37d-675a-45b8-b088-f72257b63198,2026-02-22T18:15:52Z,2026-02-22T18:20:52Z,/concierge,Promenade New Cairo
74180348-b704-4550-b965-def7dcbd680d,2026-02-01T22:46:43Z,2026-02-01T22:54:43Z,/concierge,Neo
1fa2faeb-1a71-46f4-bdba-21818c680193,2026-03-04T04:06:07Z,2026-03-04T04:10:07Z,/concierge,Vero
559d46d4-7e26-4584-aee3-f808943cd025,2026-02-02T00:44:36Z,2026-02-02T00:48:36Z,/concierge,Murano
49fe04f3-f09f-41f1-b3ff-48fa9baaef09,2026-02-16T21:33:40Z,2026-02-16T21:39:40Z,/concierge,Vero
56e9b33a-c3f5-421e-8ae7-86911407733d,2026-02-09T18:01:08Z,2026-02-09T18:13:08Z,/concierge,Murano
f0381540-8f2f-4c9b-b7cf-7d3f7655ecb9,2026-02-27T02:37:19Z,2026-02-27T02:46:19Z,/concierge,Neo Lakes
84b587ca-7285-4109-ad90-e5af0150ec9c,2026-02-24T17:19:28Z,2026-02-24T17:34:28Z,/concierge,Vero
4cc25ca1-0f0a-42d1-8d97-de4c955ba380,2026-02-18T23:21:12Z,2026-02-18T23:35:12Z,/concierge,Vero
4cc222c7-04a0-4a13-bfed-5ddff7a92dbf,2026-02-25T20:35:20Z,2026-02-25T20:47:20Z,/concierge,Neo
eec92f71-71ec-4f21-a88a-decb2a6c998f,2026-02-25T17:55:12Z,2026-02-25T18:03:12Z,/concierge,Murano
da5331ad-683b-49fe-bf8e-8f3a3e1725cb,2026-02-06T09:13:08Z,2026-02-06T09:16:08Z,/concierge,Neo
79fd7d07-ee85-4691-bb11-481c88a2247e,2026-03-03T01:29:40Z,2026-03-03T01:35:40Z,/concierge,Floating Islands
3eb525ac-b936-49a6-8195-5b3b307d38dc,2026-02-21T04:15:54Z,2026-02-21T04:24:54Z,/concierge,Horizon
77d8817e-ce0e-47db-818f-095aaf6607dd,2026-02-26T00:39:55Z,2026-02-26T00:44:55Z,/concierge,Vero
61c043d4-d2de-4056-87d0-0f1a440f4fc0,2026-02-28T01:50:05Z,2026-02-28T01:57:05Z,/concierge,Neo Gardens
f953956f-75e5-410b-b60d-1e5418b38ada,2026-02-21T22:08:04Z,2026-02-21T22:10:04Z,/concierge,Waterside
99fa856d-39c9-4969-abca-84910dac46b3,2026-02-28T18:56:13Z,2026-02-28T19:10:13Z,/concierge,Vero
45e121e7-447d-4519-8f0e-8dd009fc2074,2026-03-03T03:35:49Z,2026-03-03T03:50:49Z,/concierge,Neo
dd747e7d-da57-468d-9c5d-d3ee29128a07,2026-02-25T17:49:06Z,2026-02-25T17:51:06Z,/concierge,Neo
6cc0a376-9955-4ff9-b316-676bffe3c722,2026-02-16T16:06:45Z,2026-02-16T16:16:45Z,/concierge,Floating Islands
a3c501b8-015f-4e48-8f51-7adf64aa402e,2026-02-15T03:29:55Z,2026-02-15T03:34:55Z,/concierge,ClubTown
a935cbde-adcb-4de4-a114-e82d9d1ecb20,2026-02-18T22:01:08Z,2026-02-18T22:09:08Z,/concierge,Vero
1df373e2-bf53-4990-98d8-1ab4206004de,2026-02-19T11:07:41Z,2026-02-19T11:13:41Z,/concierge,ClubTown
c69eccab-e54e-4acc-b58f-0a78c85a6f06,2026-02-27T01:52:49Z,2026-02-27T01:59:49Z,/concierge,Vero
efb56d5e-c43e-4f39-b03e-4ec8c11a3fe9,2026-02-22T01:05:45Z,2026-02-22T01:09:45Z,/concierge,Vero
ab2f75bc-eb70-40f6-af49-5b35a1eb5755,2026-02-27T00:14:40Z,2026-02-27T00:22:40Z,/concierge,Neo Lakes
a4f9596b-a07d-4f6d-81c5-e87f32fb5927,2026-03-01T19:30:11Z,2026-03-01T19:32:11Z,/concierge,Ojo
b0f8565d-fe0e-49c9-b510-8012dd145bd0,2026-02-21T04:23:01Z,2026-02-21T04:34:01Z,/concierge,VYON
b33cb494-7a8d-47c2-a41f-2c2c70e48cc6,2026-02-25T22:00:00Z,2026-02-25T22:09:00Z,/concierge,Vero
fed07033-0772-4e1a-9532-1b04e8bfc1d7,2026-02-23T05:12:34Z,2026-02-23T05:17:34Z,/concierge,Vero
a08a6f5b-d096-4820-8da5-e25406ca20db,2026-02-15T15:33:35Z,2026-02-15T15:44:35Z,/concierge,Neo Lakes
3c7c41b5-eca7-46b0-a2b9-2267ab12e011,2026-02-16T18:04:52Z,2026-02-16T18:12:52Z,/concierge,Floating Islands
1d06586f-d2c6-4a66-9192-0dafc3c06c61,2026-02-01T22:25:16Z,2026-02-01T22:35:16Z,/concierge,Neo Gardens
1c09ddc3-373b-4b5e-bce9-9fdecc749b2f,2026-03-04T06:25:39Z,2026-03-04T06:30:39Z,/concierge,Vero
3fccdcbf-eb85-4e8c-9ecd-b68a0f576c65,2026-02-07T00:17:02Z,2026-02-07T00:31:02Z,/concierge,Neo
db1f657e-4c1d-444c-b5ea-21f563896913,2026-02-26T15:57:26Z,2026-02-26T16:11:26Z,/concierge,Neo Lakes
010b4151-5f6f-491b-9c70-2e87fecdc1b2,2026-02-27T01:24:56Z,2026-02-27T01:38:56Z,/concierge,Neo
630db8d1-c42e-4e3b-8740-7291edae28a2,2026-03-03T20:35:21Z,2026-03-03T20:40:21Z,/concierge,Vero
da19a2b6-9a9a-463c-8381-b30cb36061ab,2026-02-25T19:08:08Z,2026-02-25T19:21:08Z,/concierge,VYON
e6746e4d-3e3c-4e59-8afd-c989d9f1db5d,2026-02-26T01:23:04Z,2026-02-26T01:31:04Z,/concierge,VYON
2b71f508-ee02-42b6-92fc-01e83fe09fc1,2026-03-02T16:24:21Z,2026-03-02T16:27:21Z,/concierge,Floating Islands
fcb4957e-a6df-471d-b9aa-29e38fafb5bd,2026-02-28T19:30:16Z,2026-02-28T19:32:16Z,/concierge,Promenade New Cairo
b80ee95f-e050-463d-8511-335ead5c179f,2026-02-28T18:33:07Z,2026-02-28T18:41:07Z,/concierge,VYON
e2f7561f-e55e-4fc5-8ee9-304c0b628731,2026-02-13T11:12:11Z,2026-02-13T11:17:11Z,/concierge,Neo Gardens
b1473589-d4dc-4754-b881-401f4400753a,2026-03-02T19:13:35Z,2026-03-02T19:25:35Z,/concierge,Promenade New Cairo
0b06d6ca-a83b-4d57-940a-71d68bd67e94,2026-02-24T15:43:48Z,2026-02-24T15:47:48Z,/concierge,Floating Islands
601aa230-39b2-4d5e-8766-4ac0adbc4a75,2026-02-13T16:27:53Z,2026-02-13T16:40:53Z,/concierge,VYON
06f460e0-ac3c-4e3e-a70f-f57572aa8eb6,2026-02-16T19:53:25Z,2026-02-16T19:55:25Z,/concierge,Neo Lakes
fb4dc4ce-f3ed-4bf2-b049-7dd378e24e3d,2026-03-04T03:47:20Z,2026-03-04T04:00:20Z,/concierge,Edge
1787b0b7-a70c-4239-a6b0-1925c01a42ef,2026-02-10T11:32:22Z,2026-02-10T11:40:22Z,/concierge,Neo Lakes
724319be-c2f9-4bf4-a4a3-9a7aa2c89fd7,2026-02-04T22:25:24Z,2026-02-04T22:31:24Z,/concierge,Floating Islands
5c344f33-1b53-41bf-9b7a-3b159a561999,2026-02-26T00:30:36Z,2026-02-26T00:35:36Z,/concierge,Waterside
5f98aaa8-89cc-4ae0-8e04-9825ff1d15b4,2026-02-20T18:13:15Z,2026-02-20T18:18:15Z,/concierge,Neo Gardens
e426786f-e3f7-497e-b13e-552481239582,2026-02-20T15:31:16Z,2026-02-20T15:39:16Z,/concierge,Neo Lakes
5def44e8-70c0-456d-9229-aa18ddfa0584,2026-02-19T22:10:49Z,2026-02-19T22:23:49Z,/concierge,Neo Lakes
70aae061-c4a5-49dd-b3e1-8b3e8d03f550,2026-03-04T11:21:36Z,2026-03-04T11:26:36Z,/concierge,Waterside
146b2864-67dc-47ca-93b5-68d5e9293c4d,2026-03-02T18:20:50Z,2026-03-02T18:23:50Z,/concierge,Living Community
ac478769-c02b-4757-8049-79fe59b9d1cb,2026-03-03T02:13:09Z,2026-03-03T02:19:09Z,/concierge,Waterside
5d0aec51-a5a5-4a45-9c07-d6c97920ef0f,2026-03-02T19:58:35Z,2026-03-02T20:05:35Z,/concierge,Living Community
9c670be9-3182-4d00-adfa-4842c06fb85c,2026-02-26T04:44:57Z,2026-02-26T04:46:57Z,/concierge,Living Community
5aaf05ff-30c7-489c-9750-c0c84ed70e4a,2026-02-25T11:00:11Z,2026-02-25T11:10:11Z,/concierge,Neo
55ca7c47-181a-4eb7-a4e2-d72f0baeabac,2026-02-27T08:31:49Z,2026-02-27T08:38:49Z,/concierge,ClubTown
434cf55d-6328-40f6-abac-e5cd4200253c,2026-02-21T05:10:12Z,2026-02-21T05:20:12Z,/concierge,Neo
94f56d6e-060a-479f-9389-a1529c6b3fc5,2026-02-16T22:08:17Z,2026-02-16T22:21:17Z,/concierge,Murano
e0601a37-6e13-4793-b6eb-30d831120c9f,2026-02-06T10:45:00Z,2026-02-06T10:53:00Z,/concierge,Horizon
730d23eb-daa8-4378-a20d-24ed280f110f,2026-02-19T22:10:27Z,2026-02-19T22:22:27Z,/concierge,Promenade New Cairo
0f366f26-0715-4245-a8db-55eb4261f98f,2026-03-01T18:31:33Z,2026-03-01T18:43:33Z,/concierge,Promenade New Cairo
ad847565-dd95-4371-bc65-6a2e9ba9683f,2026-02-25T22:40:15Z,2026-02-25T22:43:15Z,/concierge,Promenade New Cairo
104648ef-8f55-4143-96a4-150f60d5d26f,2026-02-28T05:41:28Z,2026-02-28T05:50:28Z,/concierge,Edge
415e568b-1e43-40e2-bf9a-f9191521b969,2026-02-23T21:37:16Z,2026-02-23T21:46:16Z,/concierge,Vero
b2fc9eec-2f26-4331-8391-81c09cede73d,2026-03-02T20:05:51Z,2026-03-02T20:08:51Z,/concierge,Ojo
2c907ee3-320a-4925-af57-bd0667182e77,2026-03-03T05:35:02Z,2026-03-03T05:39:02Z,/concierge,Horizon
5e394903-66e5-45c6-8412-e252b6c488ef,2026-02-27T19:00:46Z,2026-02-27T19:15:46Z,/concierge,Promenade New Cairo
095e039d-afd4-4c7d-9e02-d313030f7707,2026-02-22T21:41:25Z,2026-02-22T21:44:25Z,/concierge,Floating Islands
a7482aff-ce25-472e-892c-b48c9fc69743,2026-02-27T01:24:32Z,2026-02-27T01:32:32Z,/concierge,ClubTown
bf65613f-54e3-4f36-b855-796b939e0a95,2026-03-03T19:27:13Z,2026-03-03T19:29:13Z,/concierge,Neo Gardens
2e403708-837d-4703-b081-405cd03ae262,2026-02-08T05:17:53Z,2026-02-08T05:22:53Z,/concierge,Vero
53e4d2fc-ab33-4723-ba0c-1d21fe8a8aa6,2026-03-03T04:37:13Z,2026-03-03T04:43:13Z,/concierge,Horizon
f344b93c-a674-4154-b298-c0da7f059f4a,2026-02-17T23:01:49Z,2026-02-17T23:03:49Z,/concierge,Neo Gardens
36c13d3b-3d8b-4f65-aa2a-8110064b5fdd,2026-02-25T16:18:54Z,2026-02-25T16:24:54Z,/concierge,Neo Lakes
413b6354-a7bb-45a4-8bab-79f6cc96bf8a,2026-02-28T00:03:00Z,2026-02-28T00:06:00Z,/concierge,Vero
fdbe2b87-5931-4e33-bd4d-15145820dd45,2026-02-25T11:11:56Z,2026-02-25T11:23:56Z,/concierge,Living Community
6088dba9-6078-4cd9-a152-b23606150364,2026-03-03T20:02:27Z,2026-03-03T20:04:27Z,/concierge,Promenade New Cairo
a588b06c-25fd-48bd-971f-1c038d182dd6,2026-02-12T07:50:45Z,2026-02-12T07:55:45Z,/concierge,Living Community
0da560b9-2c2b-484b-9d55-b38f746e1630,2026-02-20T21:08:55Z,2026-02-20T21:14:55Z,/concierge,Vero
b892bcb7-d53e-4bd9-92fc-b4795206202f,2026-02-20T23:19:20Z,2026-02-20T23:21:20Z,/concierge,VYON
803d7009-e91f-4af1-8772-3e6a1d1627b7,2026-02-14T18:51:50Z,2026-02-14T18:54:50Z,/concierge,Neo Gardens
bf0c5c26-f2ea-4374-b94a-591719ec2fe5,2026-02-21T06:02:39Z,2026-02-21T06:06:39Z,/concierge,Murano
cc377c98-c99c-4d0e-bdf9-644d3f58fab5,2026-02-22T04:26:26Z,2026-02-22T04:34:26Z,/concierge,Edge
2b5227e0-826b-40a3-9710-728480617b30,2026-02-25T21:02:30Z,2026-02-25T21:06:30Z,/concierge,Murano
f73d2869-1089-4a15-aea0-3fbf73cea186,2026-03-01T19:37:30Z,2026-03-01T19:44:30Z,/concierge,Ojo
2242a704-42a7-47a5-9ebc-4e157701a8fd,2026-02-27T13:26:50Z,2026-02-27T13:35:50Z,/concierge,Neo
a0b1c150-6e1a-4e55-b614-208dccfda705,2026-02-26T20:36:01Z,2026-02-26T20:50:01Z,/concierge,Neo Lakes
79c9f8b6-1e0a-47f6-aafd-6c352b2e0fd5,2026-02-22T16:40:03Z,2026-02-22T16:45:03Z,/concierge,Vero
e71aebf5-7a1f-4fb5-b1db-d086d4832e34,2026-03-01T19:06:41Z,2026-03-01T19:15:41Z,/concierge,Floating Islands
02de1ee4-8e89-4672-9f70-1437af0a037a,2026-02-27T19:41:31Z,2026-02-27T19:45:31Z,/concierge,Neo Gardens
b620aa43-4c3b-4433-a968-e2f4a2663c9f,2026-02-23T23:28:11Z,2026-02-23T23:42:11Z,/concierge,Neo Gardens
0771ea7b-09c8-48a9-a347-bf6c9a8cfb2a,2026-03-01T00:07:46Z,2026-03-01T00:16:46Z,/concierge,Edge
bebdd6b6-03ba-4cf3-b719-03f987276b54,2026-03-02T06:23:37Z,2026-03-02T06:38:37Z,/concierge,Ojo
88a32f10-3eef-42a2-b68e-f45359f549ad,2026-02-02T17:05:58Z,2026-02-02T17:12:58Z,/concierge,Ojo
31c95ba5-e1d5-463f-806a-0ef1bf6f2336,2026-02-25T19:38:36Z,2026-02-25T19:41:36Z,/concierge,Promenade New Cairo
c612f7ab-ba9d-4a1f-9f6a-ed54e4e00cef,2026-03-02T16:08:44Z,2026-03-02T16:23:44Z,/concierge,Promenade New Cairo
d7ed77a2-bab4-4d68-97af-15e04fa4ca74,2026-03-03T18:52:43Z,2026-03-03T18:59:43Z,/concierge,Breeze
d8094d7e-d651-460d-91fd-350e98ffd056,2026-02-20T04:26:22Z,2026-02-20T04:30:22Z,/concierge,Promenade New Cairo
05b567f0-f47e-4a35-9501-6eb54727f8f3,2026-02-23T22:06:34Z,2026-02-23T22:15:34Z,/concierge,Floating Islands
9f591b71-5dbe-401b-8da5-cf5574447bbf,2026-02-25T19:05:37Z,2026-02-25T19:09:37Z,/concierge,Breeze
1db9ed86-3c11-4cf9-a0b4-3dba4f72a1e8,2026-03-01T22:29:18Z,2026-03-01T22:32:18Z,/concierge,VYON
8b0c46d7-ec2a-4640-a46e-8772334e0485,2026-02-26T23:18:25Z,2026-02-26T23:21:25Z,/concierge,Vero
3c33a7ee-a100-4cad-9ea0-d98c98a8cfd2,2026-02-27T01:42:11Z,2026-02-27T01:56:11Z,/concierge,Neo Lakes
b10b2898-3436-46eb-8497-a3c688edb08d,2026-02-11T18:43:38Z,2026-02-11T18:54:38Z,/concierge,ClubTown
7c274622-17a4-4a94-ac1a-2f8f0ed83aa4,2026-03-03T01:40:34Z,2026-03-03T01:46:34Z,/concierge,Neo Lakes
a397bbcb-fd7c-45b7-9534-90e82f41c18c,2026-02-25T21:47:27Z,2026-02-25T21:54:27Z,/concierge,Living Community
c03efd4c-52eb-40b9-960e-4c9d68784be6,2026-03-03T16:54:11Z,2026-03-03T17:02:11Z,/concierge,Neo Lakes
21cbe460-4b21-4cf4-a371-0211e1760ed2,2026-02-25T00:15:53Z,2026-02-25T00:27:53Z,/concierge,VYON
9317cb4b-d393-48c8-8af3-cdb07085cbdb,2026-02-13T00:10:18Z,2026-02-13T00:16:18Z,/concierge,Neo Gardens
a9c4140a-86f1-47c1-b091-fc64712549f9,2026-03-02T18:49:06Z,2026-03-02T18:58:06Z,/concierge,Neo Lakes
091277c0-6bbc-4c97-a686-20524b21641f,2026-02-22T05:40:16Z,2026-02-22T05:50:16Z,/concierge,Vero
373a5b44-bf5a-4ecd-8762-4e85e8c6341d,2026-03-02T18:06:29Z,2026-03-02T18:17:29Z,/concierge,Neo
c09c77e9-fce8-4c5e-bd78-0d925ecdd206,2026-02-27T20:46:06Z,2026-02-27T20:58:06Z,/concierge,Neo
ea28b5ce-6602-4cfc-9b58-317683be943d,2026-03-03T19:30:44Z,2026-03-03T19:42:44Z,/concierge,Murano
325858bd-9d4c-46c6-a394-613087919aa1,2026-02-26T02:40:27Z,2026-02-26T02:43:27Z,/concierge,Horizon
ae1105e4-f83b-4a32-8a44-a0779fb3d50a,2026-02-26T00:16:44Z,2026-02-26T00:27:44Z,/concierge,ClubTown
e0ba04f1-7d2b-4e86-bbcf-917114b84e3a,2026-03-01T19:59:36Z,2026-03-01T20:07:36Z,/concierge,Neo
a75a29d4-7c1f-4bf0-b7df-6a3d4ac89910,2026-02-02T16:29:43Z,2026-02-02T16:38:43Z,/concierge,Murano
2a2a35ef-0488-4d30-8cb5-84979e6c1e6a,2026-02-21T17:38:59Z,2026-02-21T17:45:59Z,/concierge,VYON
e4f6e11e-f3c2-4565-bf8a-248de67bd2c2,2026-02-14T14:22:05Z,2026-02-14T14:24:05Z,/concierge,Ojo
91d73c7d-7cbb-40d9-a043-3596ae728ef3,2026-02-04T09:39:38Z,2026-02-04T09:48:38Z,/concierge,Vero
6ee7b3ad-8281-48af-9000-e3df4e8b0c6a,2026-03-03T23:33:33Z,2026-03-03T23:47:33Z,/concierge,Vero
6eb55e63-6ab2-4b8c-be7e-e5cc02d65070,2026-03-02T03:40:28Z,2026-03-02T03:45:28Z,/concierge,ClubTown
6a92c92d-6795-4310-8175-f62dc4e43007,2026-02-27T05:38:22Z,2026-02-27T05:48:22Z,/concierge,Murano
1358d082-4297-44ce-a4ad-c01c6f9cb3c6,2026-03-03T21:11:57Z,2026-03-03T21:18:57Z,/concierge,Vero
ded2faac-2019-4d09-ab56-20c61c4688a8,2026-03-04T11:50:49Z,2026-03-04T11:53:49Z,/concierge,Neo Gardens
f85d2c7f-bd97-48b8-b589-daf580ab9037,2026-02-19T04:17:50Z,2026-02-19T04:23:50Z,/concierge,Promenade New Cairo
456e0f89-c8f4-4f34-8a1f-0400e87c708f,2026-02-28T22:44:20Z,2026-02-28T22:52:20Z,/concierge,Murano
70c303fb-febc-49c1-a926-a008e9734fc9,2026-02-01T15:32:47Z,2026-02-01T15:40:47Z,/concierge,Neo Gardens
0d6f5f60-1b39-4ceb-aee5-19231c93de4d,2026-02-28T01:46:28Z,2026-02-28T01:49:28Z,/concierge,Vero
29627ba8-217f-4251-a550-f61598f2ae7d,2026-02-22T05:32:28Z,2026-02-22T05:43:28Z,/concierge,Floating Islands
6d65e0a7-0279-4f36-8654-394940d9a2c2,2026-02-27T02:41:54Z,2026-02-27T02:45:54Z,/concierge,VYON
e7eebaba-7517-471e-9cd7-7b7fb1b604cc,2026-02-10T05:03:49Z,2026-02-10T05:13:49Z,/concierge,Neo
3d357bfa-f19b-487e-9202-3e3bf7f9fec4,2026-02-26T22:48:12Z,2026-02-26T22:51:12Z,/concierge,Floating Islands
0179472d-a47d-4cf2-942e-6a0e28169447,2026-03-01T02:46:25Z,2026-03-01T02:54:25Z,/concierge,Neo Gardens
e64c2887-bfab-412c-954c-4c256ef0fc58,2026-02-27T06:06:07Z,2026-02-27T06:18:07Z,/concierge,Living Community
3a24679a-d59c-433c-a4c6-84ec617a2041,2026-02-16T04:19:02Z,2026-02-16T04:31:02Z,/concierge,Neo Lakes
7f3c6bf2-8655-4005-9bd3-3c9136852632,2026-02-28T06:00:07Z,2026-02-28T06:14:07Z,/concierge,ClubTown
e11f0f66-69e1-4918-8de5-290cb1aa62a8,2026-02-26T16:02:46Z,2026-02-26T16:13:46Z,/concierge,Murano
9d70707c-0b33-4fe6-a6b5-1e94f37ae5b0,2026-03-02T15:32:50Z,2026-03-02T15:41:50Z,/concierge,Neo Gardens
3849d371-9799-4edd-89a4-2248f84fd398,2026-02-22T19:04:28Z,2026-02-22T19:06:28Z,/concierge,Neo Gardens
8f7baa6c-05bd-454d-9caa-ad5ea54b7aae,2026-03-03T18:31:59Z,2026-03-03T18:34:59Z,/concierge,Vero
0a415fdb-77cb-4df9-ab3d-f60fa389c46b,2026-02-02T21:27:44Z,2026-02-02T21:32:44Z,/concierge,Promenade New Cairo
2dd7dce8-866b-46dd-8dfb-2a79ff0212f7,2026-02-14T18:45:35Z,2026-02-14T18:50:35Z,/concierge,Neo
4d148c9b-62d9-455a-8b5d-3afe349b2d57,2026-02-25T18:11:18Z,2026-02-25T18:22:18Z,/concierge,Breeze
52d6d8d7-57c7-4c74-bee0-126e64f8f1a9,2026-03-01T17:09:20Z,2026-03-01T17:16:20Z,/concierge,Horizon
a360c452-9f81-447c-b0f6-bcbe7a1132e8,2026-02-09T18:37:47Z,2026-02-09T18:52:47Z,/concierge,Promenade New Cairo
ce947f27-171c-4b81-8a5b-8e7fe8fbbae2,2026-03-01T03:12:57Z,2026-03-01T03:15:57Z,/concierge,Vero
7f9a2845-efb7-465c-ba1a-b9fb36d747c4,2026-02-27T17:47:19Z,2026-02-27T17:54:19Z,/concierge,Ojo
9195fbd6-439d-4265-81d0-8d010247166d,2026-02-25T03:41:38Z,2026-02-25T03:44:38Z,/concierge,Edge
14fd0331-5457-4240-b8ce-dbffe07a1246,2026-02-27T15:49:08Z,2026-02-27T15:56:08Z,/concierge,Horizon
d2bcfdb9-71cd-4862-9e3b-51192f386290,2026-02-06T20:05:05Z,2026-02-06T20:18:05Z,/concierge,Horizon
d28fc24a-9e82-4ac6-9c6c-5a905ba396c5,2026-02-23T16:28:41Z,2026-02-23T16:31:41Z,/concierge,Neo Lakes
d06bdb52-2e3d-417e-88a5-ba300bf8d239,2026-02-18T00:27:18Z,2026-02-18T00:41:18Z,/concierge,Murano
f8bbe51a-116e-4dc2-9f87-1fa1890abe64,2026-02-12T20:58:47Z,2026-02-12T21:04:47Z,/concierge,Waterside
b50255a8-b2c5-4eca-833d-eebdb6022ce5,2026-03-01T06:23:54Z,2026-03-01T06:30:54Z,/concierge,Vero
fba8b268-d85b-4c1e-b540-fe0aad827d9a,2026-02-25T00:17:44Z,2026-02-25T00:31:44Z,/concierge,Floating Islands
57e81bf1-9eca-44c4-a550-2251c0152cc5,2026-03-01T19:49:57Z,2026-03-01T19:55:57Z,/concierge,Breeze
5ed6e55e-5ef5-4bd7-ba75-11d63dd2a99e,2026-03-01T17:10:52Z,2026-03-01T17:16:52Z,/concierge,Edge
9d1c331c-f078-4705-a43e-d8ae6ddd6950,2026-02-18T09:38:04Z,2026-02-18T09:42:04Z,/concierge,Neo Lakes
b949834e-41f6-4b48-a99f-a6cd242dc425,2026-02-18T05:36:15Z,2026-02-18T05:46:15Z,/concierge,Neo
7b6f7fa3-e92d-4ac0-a376-0f3b9410be30,2026-02-27T08:34:03Z,2026-02-27T08:44:03Z,/concierge,Vero
8215180a-1dce-4f93-9f07-cea573367b1f,2026-02-25T23:12:29Z,2026-02-25T23:16:29Z,/concierge,Neo Lakes
2029fbd2-23b1-4029-aace-b0a89429b0b6,2026-02-28T00:34:48Z,2026-02-28T00:43:48Z,/concierge,Ojo
4c6a9268-0c21-45e6-a7bd-855bd4998525,2026-02-06T00:20:22Z,2026-02-06T00:35:22Z,/concierge,Neo Lakes
1e450278-7e15-4558-b8df-5bdb5ae38412,2026-03-01T20:21:33Z,2026-03-01T20:32:33Z,/concierge,Floating Islands
ddf404c6-70d0-4d14-826b-1d838576421d,2026-02-25T05:48:01Z,2026-02-25T05:58:01Z,/concierge,ClubTown
e56883fe-6dbc-4634-a05e-9dbd5bb886a8,2026-02-09T02:53:36Z,2026-02-09T03:04:36Z,/concierge,Horizon
cef55cc7-d489-4e4d-abaa-cd44bce287fd,2026-02-28T17:03:30Z,2026-02-28T17:09:30Z,/concierge,Breeze
b0ae5134-c40b-4939-9dfa-13506f49f370,2026-02-25T10:17:03Z,2026-02-25T10:23:03Z,/concierge,Vero
eb9642c3-d28a-4558-a423-5143da8fd217,2026-03-03T17:52:43Z,2026-03-03T18:05:43Z,/concierge,Ojo
0eec78d1-8f4d-4386-ab76-a71104d24489,2026-02-26T23:16:38Z,2026-02-26T23:18:38Z,/concierge,Waterside
8e9b155d-0237-4bf2-bcc2-516cf7a667fa,2026-02-24T21:58:44Z,2026-02-24T22:13:44Z,/concierge,Floating Islands
7db50311-e707-4f60-8afa-0ebdeaf0b4f4,2026-02-25T23:25:21Z,2026-02-25T23:37:21Z,/concierge,Neo
91eab079-38c7-4171-a269-ff55c71b15b5,2026-02-27T15:51:48Z,2026-02-27T16:04:48Z,/concierge,Edge
61968156-0323-4c56-8fe4-4df77924b2dd,2026-02-24T15:49:45Z,2026-02-24T16:02:45Z,/concierge,Neo Gardens
37fde89d-9b0c-4b34-b89c-a73de118695c,2026-02-11T16:31:14Z,2026-02-11T16:37:14Z,/concierge,Neo Gardens
efb57370-db74-4f92-8fb2-e48139775c27,2026-03-03T04:27:03Z,2026-03-03T04:34:03Z,/concierge,Neo Lakes
450c74a6-4926-4a96-b558-6df9371dd2fa,2026-02-26T04:58:10Z,2026-02-26T05:00:10Z,/concierge,Promenade New Cairo
47df173a-d4cf-49bd-abae-75bd978e5e2d,2026-02-24T14:43:46Z,2026-02-24T14:47:46Z,/concierge,Horizon
4a8b6281-1f66-4404-bd30-307325fb2427,2026-02-21T15:34:00Z,2026-02-21T15:41:00Z,/concierge,Neo Lakes
5c432ce5-6a21-4f54-bee9-407d3ec17da7,2026-03-03T18:19:10Z,2026-03-03T18:26:10Z,/concierge,Murano
f5ff5afa-abfc-402a-8102-0eb535d23f6d,2026-03-02T17:06:54Z,2026-03-02T17:08:54Z,/concierge,Waterside
6e5349c3-217e-44e4-bc43-26ecd2c2f745,2026-02-19T01:37:23Z,2026-02-19T01:42:23Z,/concierge,Vero
1aa44410-c1da-48e6-a234-4498329e7e8b,2026-02-24T18:45:07Z,2026-02-24T18:49:07Z,/concierge,Vero
11d5c19a-c9f2-4f02-9f0e-75d32d09a3c7,2026-03-03T03:16:19Z,2026-03-03T03:30:19Z,/concierge,Edge
dcc88ed3-d64c-4e32-a434-d68a0af4c0cd,2026-02-23T20:50:48Z,2026-02-23T20:55:48Z,/concierge,Living Community
c07d9fcf-2d8e-4fa3-97e2-0391f5af16af,2026-02-22T12:12:11Z,2026-02-22T12:21:11Z,/concierge,Vero
0edca2ed-19e6-4e1e-845f-79afc05fc3af,2026-03-02T04:31:53Z,2026-03-02T04:41:53Z,/concierge,Neo
51213377-f9e9-413c-a0d4-0c04ff050da4,2026-02-21T23:52:45Z,2026-02-22T00:01:45Z,/concierge,Neo Gardens
e4753ea3-fcdc-44df-9ec8-a9ef8fb44d87,2026-03-01T16:57:00Z,2026-03-01T17:03:00Z,/concierge,Neo Lakes
ac440a92-0859-40d7-87d9-6a3af979e3d9,2026-02-28T20:57:34Z,2026-02-28T21:12:34Z,/concierge,Promenade New Cairo
4375981f-3aaa-43b6-882b-ea75c452bcd3,2026-02-11T18:28:11Z,2026-02-11T18:43:11Z,/concierge,Vero
e55a669e-e0ef-4869-839f-4a523d87fe6a,2026-02-28T19:42:21Z,2026-02-28T19:53:21Z,/concierge,Promenade New Cairo
6d9f1022-c3b8-4bf7-9bee-602b569d431d,2026-02-27T17:18:58Z,2026-02-27T17:26:58Z,/concierge,Breeze
f8c85e60-02fd-49ef-865c-27faaf7353cd,2026-02-16T17:31:58Z,2026-02-16T17:42:58Z,/concierge,Ojo
546a36a7-cdf8-483e-a3a1-4eeeff81353a,2026-02-26T05:23:54Z,2026-02-26T05:36:54Z,/concierge,Vero
fdf0d00d-17f8-4574-ad6c-a4a5ccbf3a91,2026-02-27T02:56:43Z,2026-02-27T03:01:43Z,/concierge,Neo Lakes
347b3438-e0dd-4871-ab02-87faf41bfee5,2026-02-27T13:27:47Z,2026-02-27T13:37:47Z,/concierge,Murano
f3ab5330-b0c9-4d99-a59b-c6d3e72de184,2026-02-09T04:11:26Z,2026-02-09T04:19:26Z,/concierge,Living Community
9fba560a-b7ae-44b9-ad89-82d6ce12f83a,2026-02-19T03:19:12Z,2026-02-19T03:24:12Z,/concierge,VYON
5506fdaf-9eb8-4970-9ddc-7a787ea4394c,2026-03-01T17:10:54Z,2026-03-01T17:21:54Z,/concierge,Vero
4698bc1e-7eae-44cb-abc8-ad95217b0511,2026-02-14T01:25:40Z,2026-02-14T01:40:40Z,/concierge,Neo Lakes
f8caee13-8db0-4209-aef4-b02fa1997ab0,2026-02-26T02:02:05Z,2026-02-26T02:11:05Z,/concierge,Neo Lakes
283b48e8-f208-4e59-a1a4-aa48f9c0398e,2026-02-15T23:36:35Z,2026-02-15T23:39:35Z,/concierge,Murano
7c299e8e-55d9-4329-a26a-f3e84167da8e,2026-02-24T23:47:01Z,2026-02-24T23:56:01Z,/concierge,Vero
8c4d5fd5-93b8-48a7-9804-87edfb465835,2026-02-23T05:03:54Z,2026-02-23T05:06:54Z,/concierge,Neo Gardens
2797e420-62ab-4a41-8c2c-c5735cae6b85,2026-02-24T00:27:11Z,2026-02-24T00:39:11Z,/concierge,Neo Gardens
8f4c360e-e404-4cc3-b230-ade1b52449e6,2026-02-16T07:35:11Z,2026-02-16T07:48:11Z,/concierge,Murano
0f4c48ed-8dc1-4df0-afb2-35cbf44c1d23,2026-02-17T17:37:53Z,2026-02-17T17:45:53Z,/concierge,Living Community
e5cdbfd0-31ef-4b13-9792-28706e6d57a9,2026-03-03T23:39:21Z,2026-03-03T23:52:21Z,/concierge,Neo
4c7b9624-f3b9-4609-b7d1-6b736de888d8,2026-03-01T13:42:21Z,2026-03-01T13:45:21Z,/concierge,Neo Gardens
03e8c45e-382d-4d33-9bab-467bdd4c0b1a,2026-02-18T21:49:29Z,2026-02-18T22:00:29Z,/concierge,Murano
03ffca94-099c-4316-aa5c-3e866832ceec,2026-02-26T20:05:49Z,2026-02-26T20:13:49Z,/concierge,Vero
679dd421-e202-4f30-af3a-22bbc8657285,2026-02-04T15:22:38Z,2026-02-04T15:34:38Z,/concierge,Horizon
3129afb3-d021-4b7a-83e1-2e390d491267,2026-02-26T21:57:36Z,2026-02-26T22:04:36Z,/concierge,VYON
c07926e2-5472-4a7e-8086-4c907f9946e4,2026-02-24T22:28:16Z,2026-02-24T22:43:16Z,/concierge,Vero
bbe958fd-de4a-4eab-b575-e6f044dcf39d,2026-02-25T17:35:46Z,2026-02-25T17:39:46Z,/concierge,Breeze
26fc66a7-a114-455b-b43b-7661e39387fd,2026-02-10T23:23:57Z,2026-02-10T23:27:57Z,/concierge,Floating Islands
07d3c1f1-45ee-4fcf-a2c2-3ae92ad3d77d,2026-02-25T19:58:47Z,2026-02-25T20:10:47Z,/concierge,Murano
d5fac246-c448-4de1-b4e0-1011eee0680b,2026-03-03T10:54:53Z,2026-03-03T11:07:53Z,/concierge,Murano
da80fafd-a572-4416-8973-eab6b510ca33,2026-02-24T03:47:48Z,2026-02-24T03:56:48Z,/concierge,Murano
a00bf1c2-d31c-44f7-9b0b-7c713465127f,2026-02-28T16:10:23Z,2026-02-28T16:22:23Z,/concierge,Living Community
11b0b106-93d2-4e17-9184-e2b218ec3601,2026-02-16T23:25:58Z,2026-02-16T23:32:58Z,/concierge,Vero
155acf69-78f9-404c-960e-87eebbe1a36a,2026-03-03T22:36:58Z,2026-03-03T22:44:58Z,/concierge,Breeze
92b145eb-9e23-4f3a-8ccb-cc7d196eed46,2026-03-04T10:24:55Z,2026-03-04T10:29:55Z,/concierge,Promenade New Cairo
a1606dd3-96ff-40af-9ecf-80898a475581,2026-02-22T09:00:58Z,2026-02-22T09:06:58Z,/concierge,Ojo
4c6824fc-7ede-4322-953c-1111b284be0f,2026-02-19T05:16:20Z,2026-02-19T05:21:20Z,/concierge,Neo Gardens
f4f08a18-c9da-4499-9e50-2af8f674c1d3,2026-02-27T18:18:51Z,2026-02-27T18:22:51Z,/concierge,Vero
6cc4cf19-0458-4398-bab6-4ae4e5ea3482,2026-02-26T18:11:34Z,2026-02-26T18:24:34Z,/concierge,Waterside
6e3509fd-59f0-4fb6-9cf3-0cbe060817ab,2026-02-27T07:41:09Z,2026-02-27T07:46:09Z,/concierge,Neo
3792f49d-af85-4f88-a570-c99c5212e287,2026-03-03T21:36:40Z,2026-03-03T21:47:40Z,/concierge,Neo Gardens
016175c1-b1af-4867-9bc8-3eea5becdbd1,2026-03-01T03:25:23Z,2026-03-01T03:38:23Z,/concierge,Neo Lakes
a7f6692b-cdb1-43db-8969-77668ceddfc1,2026-03-03T21:09:39Z,2026-03-03T21:19:39Z,/concierge,Vero
0348f69c-2908-42f7-a12f-a73d37666eb3,2026-02-01T17:21:49Z,2026-02-01T17:27:49Z,/concierge,Living Community
b8daa7e2-0a13-4a98-abb3-aca0818789e2,2026-02-27T15:16:31Z,2026-02-27T15:29:31Z,/concierge,Floating Islands
df0f12bb-1536-4345-84a6-447506c74aa9,2026-02-16T02:10:51Z,2026-02-16T02:20:51Z,/concierge,Murano
bdd21f92-adb6-4efa-b6ab-068cf645b083,2026-02-03T17:03:01Z,2026-02-03T17:07:01Z,/concierge,Horizon
e8611d69-f568-4cae-a4cd-a72033307748,2026-03-03T16:04:25Z,2026-03-03T16:18:25Z,/concierge,Floating Islands
3f28ea61-4d19-412a-a22c-b3dd3db13b95,2026-02-21T00:55:29Z,2026-02-21T01:01:29Z,/concierge,Horizon
c9c40b70-9551-49eb-af0b-9e1a2ddf7dc5,2026-02-24T00:15:15Z,2026-02-24T00:29:15Z,/concierge,Edge
812e56e8-acdf-4e22-b231-c9ce381aca04,2026-03-02T19:30:57Z,2026-03-02T19:33:57Z,/concierge,Floating Islands
d0e3245d-658c-44bf-9f97-03e3bd31d887,2026-03-02T17:34:38Z,2026-03-02T17:48:38Z,/concierge,VYON
f125cb8c-affd-44c1-a892-c8a411b9f0f6,2026-02-27T02:44:50Z,2026-02-27T02:53:50Z,/concierge,ClubTown
052850bd-d469-4b9a-b735-a084aef6aaa8,2026-03-02T21:34:26Z,2026-03-02T21:39:26Z,/concierge,Neo Lakes
31f47f1f-6c41-41ec-baa8-e239359f4710,2026-02-28T17:52:55Z,2026-02-28T18:05:55Z,/concierge,ClubTown
4c290d52-b7b9-46b5-9ea3-9f2e6b2bf8fc,2026-02-27T23:18:57Z,2026-02-27T23:33:57Z,/concierge,Promenade New Cairo
67623425-bbd2-4a57-9f8a-8d791c8453f0,2026-02-07T23:29:55Z,2026-02-07T23:37:55Z,/concierge,Promenade New Cairo
c229b177-a9e3-4ff6-b4d0-9ed490fd59fc,2026-02-19T01:26:22Z,2026-02-19T01:31:22Z,/concierge,Vero
fbf3ae1a-efbc-4bc7-b269-71d790448272,2026-02-08T13:08:43Z,2026-02-08T13:10:43Z,/concierge,Neo
d35fce35-3efb-41c8-88de-a260ae4cc1cc,2026-03-03T06:33:33Z,2026-03-03T06:37:33Z,/concierge,Vero
a113ef73-0379-4487-9523-a1e8831833df,2026-02-25T15:45:25Z,2026-02-25T15:50:25Z,/concierge,Waterside
8321c189-5af0-4a01-a3a6-7bbf0db0a4e4,2026-02-18T02:45:01Z,2026-02-18T03:00:01Z,/concierge,Vero
cd10cf94-367f-45ed-abed-5ca82966954c,2026-02-20T23:17:50Z,2026-02-20T23:21:50Z,/concierge,Vero
c932625d-77ec-4d19-bc3e-d85b3f2dace5,2026-02-28T22:40:56Z,2026-02-28T22:51:56Z,/concierge,Waterside
977ec2ad-db82-4320-b32e-39b0091f163c,2026-02-25T10:31:34Z,2026-02-25T10:36:34Z,/concierge,Vero
7cb58a70-532a-470c-b416-ad5bbdf1ec2e,2026-03-04T00:21:27Z,2026-03-04T00:32:27Z,/concierge,Living Community
6a782894-e13b-4bac-9538-a955251de498,2026-02-24T18:11:01Z,2026-02-24T18:14:01Z,/concierge,Ojo
e2c084fc-32a4-4a3d-8ffe-85978d2daff9,2026-03-01T14:55:47Z,2026-03-01T15:04:47Z,/concierge,Living Community
f5b6d8a5-3407-4168-9bdb-f47c886e8b44,2026-02-26T17:49:54Z,2026-02-26T17:51:54Z,/concierge,Vero
ceac07c7-dfaa-4d8a-ba79-25c1487a3235,2026-02-25T15:17:13Z,2026-02-25T15:32:13Z,/concierge,Ojo
a17e525c-aef4-459f-9a8b-d7eadd7aa7c4,2026-02-12T21:19:44Z,2026-02-12T21:28:44Z,/concierge,Vero
8d55c366-f6c4-4912-a288-ea1e9881b0cf,2026-02-19T03:10:00Z,2026-02-19T03:18:00Z,/concierge,Horizon
47dce527-3dbd-4763-9a61-f8c7bef39ca4,2026-03-01T20:50:20Z,2026-03-01T21:04:20Z,/concierge,VYON
f3618418-f06d-4f86-a398-3d0a7fbcf106,2026-02-28T16:47:10Z,2026-02-28T17:01:10Z,/concierge,Neo Lakes
1ce26140-748a-42e3-8dfd-8c3d5d430afa,2026-02-04T04:43:35Z,2026-02-04T04:54:35Z,/concierge,Horizon
6b3e26b0-27ae-4ec6-ae55-847f6ba3fff7,2026-02-03T11:28:58Z,2026-02-03T11:43:58Z,/concierge,Neo Lakes
c9ec8a8e-7061-48b2-8898-cd32eacb5ba8,2026-02-21T03:04:15Z,2026-02-21T03:17:15Z,/concierge,Neo
6759aba6-3f0e-4938-9970-ce298c79dc8b,2026-02-18T21:24:31Z,2026-02-18T21:32:31Z,/concierge,Ojo
bed24581-6cc7-4ad5-97ee-3f1eaf5f861c,2026-03-01T15:15:18Z,2026-03-01T15:28:18Z,/concierge,Horizon
d525d2c4-516f-4ab7-b8b1-db4db9131e1a,2026-02-24T19:45:09Z,2026-02-24T19:55:09Z,/concierge,Floating Islands
4bceeddd-cfe5-49c6-b41a-0af7d1b6b760,2026-02-04T00:53:38Z,2026-02-04T01:03:38Z,/concierge,Horizon
2915ea18-820f-4c9f-85cf-c87fe6a82dcf,2026-02-04T20:04:19Z,2026-02-04T20:08:19Z,/concierge,Breeze
737d3cec-5a8c-48f1-a184-35106ab14085,2026-02-16T17:03:56Z,2026-02-16T17:06:56Z,/concierge,Neo Lakes
0f80f00e-ec15-4aa9-a56b-c9fe100a1751,2026-02-26T02:39:44Z,2026-02-26T02:41:44Z,/concierge,Breeze
379f1a28-70a2-4605-85a8-1ed59c902460,2026-03-02T17:15:00Z,2026-03-02T17:28:00Z,/concierge,VYON
5d9a2ae2-2157-40ae-bdc4-ab8a0aed5c6d,2026-02-28T00:28:15Z,2026-02-28T00:34:15Z,/concierge,Neo
314d4697-6a87-471d-8510-73ee229bc7ba,2026-02-05T17:57:36Z,2026-02-05T18:11:36Z,/concierge,Neo Lakes
c39962ba-0ff3-4a63-a80c-f2d303bbf54c,2026-02-21T16:31:09Z,2026-02-21T16:42:09Z,/concierge,Promenade New Cairo
e4a18fb1-2975-47f8-a866-9ccb439467a4,2026-02-21T15:38:53Z,2026-02-21T15:41:53Z,/concierge,Promenade New Cairo
dd048cd2-0410-45d4-b316-facd4b95f6a1,2026-03-01T04:33:11Z,2026-03-01T04:41:11Z,/concierge,Promenade New Cairo
a5b03955-8b5c-44e6-890b-6eae3cc0d361,2026-03-03T16:41:58Z,2026-03-03T16:50:58Z,/concierge,Breeze
6f11ffe2-51d4-4906-b9e7-8a108f483c34,2026-02-27T20:57:53Z,2026-02-27T21:10:53Z,/concierge,Murano
938b7b56-e092-49c9-9b14-cfff8a3c2edc,2026-02-10T19:24:05Z,2026-02-10T19:37:05Z,/concierge,Vero
3b9a99c2-b56b-4bfb-a90c-a8d752ab6cce,2026-02-21T04:23:29Z,2026-02-21T04:35:29Z,/concierge,Neo
e60f06d1-a364-4f51-84dc-417abe109341,2026-02-09T03:56:09Z,2026-02-09T04:07:09Z,/concierge,Vero
8f16f56f-8a5b-4fd8-9739-ed4896bbb7b3,2026-03-04T03:54:22Z,2026-03-04T03:58:22Z,/concierge,Neo Gardens
47867de6-4761-485f-9384-227ef5e50535,2026-02-26T22:02:42Z,2026-02-26T22:12:42Z,/concierge,Vero
f78f81c6-0f4a-41bd-a630-ad1078cdec01,2026-02-04T05:34:10Z,2026-02-04T05:42:10Z,/concierge,Neo
4ca0f414-e5dc-448e-ad6c-ca756e156c1d,2026-03-02T16:41:14Z,2026-03-02T16:44:14Z,/concierge,VYON
ecfa1447-2439-4b41-bd4b-2a269633ce96,2026-02-18T23:57:34Z,2026-02-19T00:06:34Z,/concierge,Horizon
769a1d79-1bb8-469b-a023-fbfb6c3fec5b,2026-02-19T23:11:43Z,2026-02-19T23:21:43Z,/concierge,Neo Lakes
28cc431f-17ea-4164-b6bb-c081780d2ebf,2026-03-02T21:55:18Z,2026-03-02T22:09:18Z,/concierge,ClubTown
e8923780-b470-43dd-986d-246741e6f6dd,2026-02-23T00:59:35Z,2026-02-23T01:02:35Z,/concierge,VYON
489d9841-bf8f-4ee9-ab8e-5296e51369fe,2026-03-01T17:57:50Z,2026-03-01T18:11:50Z,/concierge,Ojo
f62ad550-6e20-4c11-8dcc-b64293247dee,2026-03-03T17:22:16Z,2026-03-03T17:35:16Z,/concierge,VYON
5464dcde-0b77-4776-b3de-4ab9328e0bae,2026-02-24T08:31:22Z,2026-02-24T08:44:22Z,/concierge,Promenade New Cairo
bd3a9e08-aed7-4093-87b1-8e426dc090c1,2026-03-02T21:15:22Z,2026-03-02T21:23:22Z,/concierge,Murano
90185c87-42d9-4d26-ac5e-26cb17fae358,2026-02-23T22:32:43Z,2026-02-23T22:47:43Z,/concierge,Neo Lakes
51280870-5833-4207-8fc5-5ffd98d34418,2026-02-05T19:06:45Z,2026-02-05T19:20:45Z,/concierge,Neo
d45a91c9-b6e4-44df-8819-ee4a71d39523,2026-03-03T20:38:02Z,2026-03-03T20:48:02Z,/concierge,Horizon
1072cd43-1199-4780-ab3b-110d8b86d8e2,2026-02-24T21:40:24Z,2026-02-24T21:51:24Z,/concierge,Vero
d1aaf901-7a3d-4333-8ea3-8180608170d5,2026-03-04T01:57:23Z,2026-03-04T02:06:23Z,/concierge,Horizon
092ba6fa-337a-4de4-b13d-e78eee39129d,2026-02-07T03:27:59Z,2026-02-07T03:38:59Z,/concierge,Waterside
2e441e70-ac19-47d4-9a8b-e54b74ef5f94,2026-03-02T15:50:16Z,2026-03-02T16:00:16Z,/concierge,Vero
02ccb19f-bf95-45d2-8a68-80b576ff4421,2026-02-28T14:48:12Z,2026-02-28T14:55:12Z,/concierge,Ojo
8cdae272-91c0-44eb-8408-fc1100492eda,2026-02-26T22:18:53Z,2026-02-26T22:32:53Z,/concierge,Neo Gardens
c1a62490-89a6-4397-8f11-95fc475357b1,2026-02-19T23:52:34Z,2026-02-20T00:02:34Z,/concierge,Vero
7348cb20-36db-4e1c-84a2-de40b363b13f,2026-03-03T00:06:54Z,2026-03-03T00:14:54Z,/concierge,Neo Lakes
92146209-7b6f-495a-86b6-25c4d516cb70,2026-02-28T00:01:07Z,2026-02-28T00:14:07Z,/concierge,Vero
487ee45f-7d94-4ad2-8ca1-632886152f6e,2026-02-05T23:34:23Z,2026-02-05T23:46:23Z,/concierge,Floating Islands
258a654b-2332-4941-b472-e7cc3393c6c5,2026-02-25T16:04:15Z,2026-02-25T16:19:15Z,/concierge,Neo Lakes
a9b7aefa-33f7-4cc3-a334-a742181c20e7,2026-02-28T23:21:05Z,2026-02-28T23:31:05Z,/concierge,Ojo
6fe35361-765e-4343-be45-cd7db5da33f3,2026-02-21T19:20:34Z,2026-02-21T19:25:34Z,/concierge,Neo
0c1182e9-ad84-4bee-9712-4bda63896fe9,2026-02-25T19:45:46Z,2026-02-25T19:59:46Z,/concierge,VYON
da64eb08-ccfe-4d6e-82d9-9cd0f57a6cb0,2026-02-20T16:18:49Z,2026-02-20T16:28:49Z,/concierge,Waterside
8ac260a7-6595-4b7e-b2a6-e4c2cb27b6ea,2026-02-24T23:07:31Z,2026-02-24T23:14:31Z,/concierge,Ojo
a6e1cb63-b4d9-42a7-8ea2-3a14d506b156,2026-02-20T19:50:34Z,2026-02-20T20:05:34Z,/concierge,Floating Islands
38134976-b680-40ca-b3f8-75b3501ca0e9,2026-02-28T22:03:01Z,2026-02-28T22:16:01Z,/concierge,Living Community
8bc108f0-984a-4d9a-9434-cd951bf46795,2026-03-02T18:23:12Z,2026-03-02T18:35:12Z,/concierge,Neo Gardens
e99cf660-06e4-4a87-a9cf-67de85bdc79c,2026-02-14T14:36:32Z,2026-02-14T14:41:32Z,/concierge,Promenade New Cairo
71db994f-91c2-47b1-8d10-2a7e090c79ca,2026-02-25T19:44:34Z,2026-02-25T19:59:34Z,/concierge,Neo
f4a5746a-bf2d-4aef-be8c-11e2ebc3cd50,2026-03-01T12:54:37Z,2026-03-01T13:07:37Z,/concierge,Vero
039930d5-4cdf-497c-837e-adef573f2d9f,2026-03-01T14:48:28Z,2026-03-01T15:03:28Z,/concierge,Vero
e8511e12-6449-4923-beac-9d8fe787b165,2026-02-28T01:07:11Z,2026-02-28T01:11:11Z,/concierge,Breeze
b679e221-4230-457b-8107-43ba16132212,2026-02-11T23:13:22Z,2026-02-11T23:16:22Z,/concierge,Vero
74121737-70a5-48ad-8eb2-d6ebf5dbf284,2026-02-24T23:04:06Z,2026-02-24T23:15:06Z,/concierge,Neo Gardens
1dd81d9c-5c89-481c-a5b6-0263ec3eed90,2026-03-01T02:43:00Z,2026-03-01T02:58:00Z,/concierge,Breeze
b85cb9a2-cd15-4bf9-ac7b-41916f6ea0b2,2026-02-22T05:55:15Z,2026-02-22T06:00:15Z,/concierge,Living Community
07d1a293-aead-4abf-9f69-206435eaa0c2,2026-02-26T00:10:14Z,2026-02-26T00:12:14Z,/concierge,Breeze
30bb805d-ac87-44c1-916c-b15bb23f387a,2026-02-28T23:54:52Z,2026-03-01T00:03:52Z,/concierge,Vero
ddae5215-2ba4-4f0f-9f80-3b17842aa8dd,2026-02-28T08:47:11Z,2026-02-28T08:58:11Z,/concierge,VYON
cbda2e6d-c00e-4018-baff-14eadd04fee9,2026-02-24T15:15:30Z,2026-02-24T15:29:30Z,/concierge,Living Community
f2649097-2cf6-447a-b8ed-abe06681f26b,2026-03-01T15:00:33Z,2026-03-01T15:12:33Z,/concierge,VYON
8d2f4ff5-2d3b-4dfc-a0c4-16d96de79361,2026-02-02T19:38:26Z,2026-02-02T19:52:26Z,/concierge,Ojo
cb2bf391-4d28-4152-9502-27a659ace651,2026-02-22T17:39:26Z,2026-02-22T17:41:26Z,/concierge,Neo Lakes
e7a97148-e0d1-4dfd-ba51-dac6a6e16383,2026-02-24T22:07:56Z,2026-02-24T22:19:56Z,/concierge,Ojo
9f7e7edd-0bab-4e13-bfd8-7f93ea1ddaa3,2026-03-03T15:22:37Z,2026-03-03T15:30:37Z,/concierge,Vero
ecc0d05c-486e-4cce-9c5b-59fb91191cdd,2026-03-02T23:57:28Z,2026-03-03T00:05:28Z,/concierge,Vero
e77ffb66-c02f-47f0-88c8-3f5e9fffd763,2026-03-01T23:24:50Z,2026-03-01T23:31:50Z,/concierge,Neo Gardens
e0a2d5dd-c2c5-499e-9c2b-01b5dc2aef7f,2026-02-26T18:08:19Z,2026-02-26T18:16:19Z,/concierge,Horizon
28da1a4d-1246-48cb-95b8-25ba3727a3c0,2026-03-04T06:20:08Z,2026-03-04T06:31:08Z,/concierge,Neo
1799e8db-c3a2-4ceb-9c54-5114c348a217,2026-02-17T05:55:57Z,2026-02-17T05:58:57Z,/concierge,ClubTown
b9bf870a-bc38-4254-9e70-8cefa182e62f,2026-03-02T02:35:22Z,2026-03-02T02:39:22Z,/concierge,Ojo
ecefc908-8302-4aa3-8b72-379fb5746a98,2026-02-21T18:42:42Z,2026-02-21T18:45:42Z,/concierge,Neo Lakes
0ca641f7-25bd-426d-94a0-b5d677be4f5b,2026-02-19T13:44:43Z,2026-02-19T13:54:43Z,/concierge,Vero
b21b0c59-a821-4ffe-9170-72c5470f73fe,2026-03-04T00:20:05Z,2026-03-04T00:30:05Z,/concierge,Vero
92b2d490-26ea-40e3-884a-7ef86055f53c,2026-02-23T15:24:21Z,2026-02-23T15:34:21Z,/concierge,Ojo
ba05bbae-5705-40b2-8f23-0de6cc6f4eee,2026-03-04T02:01:55Z,2026-03-04T02:09:55Z,/concierge,Promenade New Cairo
88299558-498c-4d2c-bd62-0325aebfea39,2026-02-28T18:11:51Z,2026-02-28T18:26:51Z,/concierge,Vero
84e84931-c907-41a7-9681-3368ef334686,2026-02-28T15:05:43Z,2026-02-28T15:08:43Z,/concierge,Neo Gardens
c9b4b4b7-2682-4b74-a115-f02892892f86,2026-02-20T20:44:45Z,2026-02-20T20:46:45Z,/concierge,Floating Islands
f6b73afd-ca02-4387-ae78-ed4d93e81816,2026-02-19T15:04:01Z,2026-02-19T15:06:01Z,/concierge,Ojo
2644d308-c093-46f0-bd7e-bf8e3c1e516f,2026-02-25T09:01:36Z,2026-02-25T09:06:36Z,/concierge,ClubTown
d8b02808-3359-46f8-9207-b383b230c609,2026-02-19T15:30:24Z,2026-02-19T15:38:24Z,/concierge,VYON
b3eb3e53-2c8b-4feb-acdc-037aac99f76f,2026-02-23T20:51:45Z,2026-02-23T21:03:45Z,/concierge,Vero
67f91327-eef4-4cdc-acd4-53c67f0a52e9,2026-02-17T23:35:18Z,2026-02-17T23:45:18Z,/concierge,Ojo
769f436d-0b7b-4e24-b215-d1fd61216906,2026-02-10T04:05:44Z,2026-02-10T04:20:44Z,/concierge,Breeze
e40ff083-02f4-425b-abae-7c57d8b4f067,2026-02-28T10:27:27Z,2026-02-28T10:39:27Z,/concierge,Neo Lakes
f11a7a85-a371-476c-a33a-1711be953800,2026-02-22T17:58:22Z,2026-02-22T18:10:22Z,/concierge,Promenade New Cairo
71662c41-a012-4af4-9231-75d451f0c15c,2026-02-02T19:00:55Z,2026-02-02T19:15:55Z,/concierge,Living Community
58b8d1ac-4b68-4639-9fdd-13799a8565c3,2026-02-27T22:53:08Z,2026-02-27T23:06:08Z,/concierge,Neo Lakes
294e428c-b966-4b98-bf41-5bf16990514a,2026-03-02T17:14:03Z,2026-03-02T17:27:03Z,/concierge,Ojo
9d164b77-2cf9-48a7-94c9-2fea1e147c01,2026-03-03T01:11:48Z,2026-03-03T01:23:48Z,/concierge,Promenade New Cairo
c92b49d9-40b0-4e6d-9287-164760759f83,2026-03-02T23:46:24Z,2026-03-03T00:01:24Z,/concierge,Neo Gardens
86fc7aa4-d605-4ab4-8cb6-a3be151cbcf9,2026-02-22T23:56:05Z,2026-02-23T00:00:05Z,/concierge,Promenade New Cairo
d62e73c8-cb73-439e-ada4-96f8563fd937,2026-02-06T23:25:34Z,2026-02-06T23:31:34Z,/concierge,Breeze
9cd19764-f61c-446a-9beb-bbb80a79bde9,2026-02-28T02:44:02Z,2026-02-28T02:48:02Z,/concierge,Living Community
6a5a8614-3acc-462b-a0eb-ad4e5bf531a3,2026-02-25T16:52:31Z,2026-02-25T17:02:31Z,/concierge,Ojo
afa54bfd-7ea5-49f1-8ce9-273eea9d20bb,2026-02-15T03:25:03Z,2026-02-15T03:38:03Z,/concierge,Neo Gardens
84409185-82d6-445e-8be8-e2cd60259ba0,2026-02-18T22:39:43Z,2026-02-18T22:52:43Z,/concierge,Murano
516c4d94-59ff-41f2-9fe5-da021513d1b3,2026-02-27T00:17:25Z,2026-02-27T00:21:25Z,/concierge,Breeze
529bd00c-4ff3-4850-8736-8b367d626843,2026-02-26T23:42:45Z,2026-02-26T23:46:45Z,/concierge,ClubTown
d7113dc5-6449-4e59-80fd-bb05c247bd73,2026-03-03T17:29:38Z,2026-03-03T17:36:38Z,/concierge,Ojo
b940e471-68e7-40c6-9c11-3a9f86ed0dc8,2026-02-04T04:16:23Z,2026-02-04T04:23:23Z,/concierge,Vero
52785e80-3ce0-4db5-b678-2ebd750fa201,2026-03-01T07:49:16Z,2026-03-01T08:04:16Z,/concierge,Waterside
f43e7a4c-5e1d-4f46-85a7-5993391977e6,2026-02-27T07:40:33Z,2026-02-27T07:51:33Z,/concierge,VYON
8ec73de3-b252-4a4f-b415-cd70ace29bb3,2026-02-23T22:35:55Z,2026-02-23T22:42:55Z,/concierge,Promenade New Cairo
6cfc6dee-83b4-46c4-b5dc-3171942f7c7a,2026-03-02T21:47:39Z,2026-03-02T21:58:39Z,/concierge,Neo Lakes
d88bdba5-ea26-470b-8183-10d241c3038f,2026-02-20T23:43:35Z,2026-02-20T23:46:35Z,/concierge,Neo Lakes
034bc74d-b099-43b4-82e9-4fae5022c472,2026-02-05T15:06:38Z,2026-02-05T15:08:38Z,/concierge,Promenade New Cairo
07ce2112-64eb-4415-b3bb-dfd8d647a474,2026-02-20T14:52:17Z,2026-02-20T14:55:17Z,/concierge,Living Community
098f0f25-faee-4152-9324-348ad2bb9e9e,2026-02-28T23:42:35Z,2026-02-28T23:44:35Z,/concierge,Floating Islands
