session_id,started_at,last_seen_at,entry_page,locale
19272571-d28a-4639-b4c6-651331452b56,2026-03-02T21:13:09.260608,2026-03-02T21:26:09.260608,/,en
165c88ca-f779-4a4f-8ec2-954375a61174,2026-02-19T04:16:09.260716,2026-02-19T04:29:09.260716,/concierge,en
fba50d2d-226a-47d9-a0c6-7440f69219e9,2026-03-02T03:30:09.260777,2026-03-02T03:35:09.260777,/concierge,en
eeefd2c7-3722-4b71-98b4-425944deea0d,2026-02-14T21:26:09.260834,2026-02-14T21:37:09.260834,/concierge,en
dd1f5890-ef4c-43b9-832f-7a60ace16ff1,2026-02-25T09:12:09.260880,2026-02-25T09:20:09.260880,/,en
f2ed5ecc-c04f-4e22-ac4f-daff7d46a649,2026-02-26T08:54:09.260917,2026-02-26T09:14:09.260917,/,en
62338794-04f7-4afd-8cf2-8999aefd8dd2,2026-03-01T04:39:09.260952,2026-03-01T04:58:09.260952,/widget,en
a0a23e61-7107-40a9-8e87-4002bcaf8761,2026-03-03T09:02:09.260986,2026-03-03T09:15:09.260986,/,en
70027bac-fdca-4e3f-b83f-47e21e2fbf6a,2026-03-02T04:59:09.261028,2026-03-02T05:08:09.261028,/,en
e6c2036d-0865-410b-b7fd-c6a1ea22e22e,2026-02-18T03:29:09.261067,2026-02-18T03:42:09.261067,/,en
1b22d891-a04e-4621-91a2-28d66523aa7b,2026-02-26T18:24:09.261104,2026-02-26T18:34:09.261104,/concierge,en
d5158b12-ea81-4211-bd6e-d807e29ddc7b,2026-02-18T02:09:09.261156,2026-02-18T02:21:09.261156,/,en
8f03e29c-a9ec-4604-a830-7f42c98132e9,2026-03-02T03:52:09.261200,2026-03-02T04:09:09.261200,/widget,en
0a1827a8-c315-457f-8c9a-345453c06b18,2026-02-06T22:41:09.261238,2026-02-06T22:58:09.261238,/widget,en
e6c29168-75bf-4d03-a759-075748b0f8b0,2026-02-15T00:42:09.261285,2026-02-15T00:56:09.261285,/concierge,en
d73969b3-6551-49a8-8243-fc6ff3742630,2026-02-24T18:54:09.261336,2026-02-24T18:59:09.261336,/concierge,en
3253a1bb-c264-47fc-b216-2be942991cdd,2026-02-26T22:01:09.261371,2026-02-26T22:15:09.261371,/,en
ee3bc768-8fa4-48cf-a1fa-f3f74a74df2b,2026-02-25T03:53:09.261408,2026-02-25T04:05:09.261408,/concierge,en
61761b5a-e361-4114-99f9-6a71856b240d,2026-02-17T01:19:09.261450,2026-02-17T01:25:09.261450,/,en
9d0ab014-6a8f-477c-8a8a-e44e71792072,2026-02-21T18:50:09.261493,2026-02-21T19:08:09.261493,/concierge,en
50df2509-f597-4afa-8447-d66a543297e4,2026-02-09T07:11:09.261536,2026-02-09T07:30:09.261536,/,en
78f5e773-a356-424a-b823-0046437242c3,2026-02-25T23:23:09.261582,2026-02-25T23:32:09.261582,/widget,en
450b3c61-bf7f-477e-8b5d-51751c581f85,2026-02-19T05:54:09.261614,2026-02-19T06:01:09.261614,/widget,en
f9e635bc-cb57-4a57-813f-7a419b3a4823,2026-02-27T19:18:09.261647,2026-02-27T19:31:09.261647,/widget,en
92222b3c-7c38-405f-9db5-0f80fce6073c,2026-02-23T22:16:09.261687,2026-02-23T22:29:09.261687,/,en
b28c4922-e69f-4035-ba4b-4fd394f75ca7,2026-02-28T19:22:09.261728,2026-02-28T19:36:09.261728,/widget,en
b382b073-e150-44e1-b75a-3aca129abf00,2026-02-25T10:55:09.261765,2026-02-25T11:02:09.261765,/concierge,en
c0abb572-7989-4846-8538-ef642274d3b0,2026-02-08T03:11:09.261800,2026-02-08T03:18:09.261800,/widget,en
408998e3-f306-4474-ad02-f5de0c1b5791,2026-02-26T03:24:09.261842,2026-02-26T03:32:09.261842,/widget,en
ac0fd3a1-c1ee-450f-9a43-dac40dab05af,2026-02-28T22:04:09.261882,2026-02-28T22:09:09.261882,/concierge,en
6794a87d-8e4b-46fe-b042-93ab4ab427ea,2026-03-01T09:56:09.261927,2026-03-01T10:07:09.261927,/,en
5b2d9035-6d6e-42c0-a724-13cf0a19aff1,2026-02-14T05:49:09.261964,2026-02-14T06:01:09.261964,/widget,en
8c05df03-6fab-4f63-a082-bbc314be526b,2026-02-19T08:09:09.261996,2026-02-19T08:23:09.261996,/,en
af6dff71-e69d-4091-95d8-2e3847aa1f2f,2026-03-02T23:00:09.262047,2026-03-02T23:17:09.262047,/,en
871ce407-b5c0-45ab-8def-f1459dd6d0b9,2026-03-02T05:27:09.262096,2026-03-02T05:39:09.262096,/widget,en
c0a55ae9-5147-4e4f-b75a-28c5fefeea61,2026-02-19T07:15:09.262139,2026-02-19T07:24:09.262139,/,en
1274ace8-6edc-4028-b1fb-c05b50bfdf53,2026-03-02T22:38:09.262175,2026-03-02T22:43:09.262175,/concierge,en
54a45d32-1228-4694-b244-8dd472fb4dab,2026-02-27T08:25:09.262219,2026-02-27T08:31:09.262219,/,en
81a2bf26-39fe-40eb-9f6e-4dd115b2dee1,2026-03-01T21:55:09.262254,2026-03-01T22:03:09.262254,/,en
913094e0-aaf1-491b-915b-607b05fabaac,2026-02-26T20:16:09.262295,2026-02-26T20:24:09.262295,/,en
5d4bb40b-df30-45e6-ad94-17b7b6b9752d,2026-02-03T22:17:09.262345,2026-02-03T22:35:09.262345,/widget,en
dd679db6-43f2-4327-9371-fa2cab9fb718,2026-02-21T19:32:09.262394,2026-02-21T19:50:09.262394,/concierge,en
a4be8b5d-7b48-4991-ada5-c9bf1ca04371,2026-02-28T05:52:09.262439,2026-02-28T06:12:09.262439,/,en
8c0f4fa6-8685-4650-8474-ecbaed03908b,2026-02-25T21:06:09.262472,2026-02-25T21:14:09.262472,/widget,en
4b40db81-ad7f-450e-91c4-2ab9c1eec8ae,2026-03-03T19:11:09.262511,2026-03-03T19:23:09.262511,/concierge,en
cc7ece13-00e5-43a2-aff4-f3f11178828d,2026-02-20T18:48:09.262547,2026-02-20T19:01:09.262547,/concierge,en
c23f281e-bb6b-4b26-a404-2370c4f6b74f,2026-02-14T21:37:09.262591,2026-02-14T21:49:09.262591,/concierge,en
2bc0e850-c127-4be2-a179-36c4e1def29f,2026-02-15T01:44:09.262627,2026-02-15T02:04:09.262627,/,en
243872d9-8697-46e3-9961-ca32a418b299,2026-03-03T02:48:09.262677,2026-03-03T03:00:09.262677,/,en
9a293485-f209-445d-b72c-bbaedd67d6c7,2026-03-01T03:08:09.262726,2026-03-01T03:17:09.262726,/concierge,en
104f6951-61df-476d-a95d-f2affb2c5b0b,2026-02-25T18:36:09.262771,2026-02-25T18:50:09.262771,/widget,en
80836c69-4640-4573-809a-f72daa98ff5a,2026-02-27T02:36:09.262825,2026-02-27T02:53:09.262825,/concierge,en
dcc51c13-c28b-4f12-bbcf-54af772052db,2026-02-25T20:16:09.262961,2026-02-25T20:21:09.262961,/,en
cc4dc6c0-caac-44a5-8b61-4f78d7c76f7b,2026-02-19T07:58:09.263165,2026-02-19T08:10:09.263165,/widget,en
99c48267-187d-4291-949f-956a318dd933,2026-02-23T20:52:09.263354,2026-02-23T21:00:09.263354,/concierge,en
3ad47270-d5af-456d-8a39-5b48eb2fabaa,2026-02-25T04:34:09.263416,2026-02-25T04:46:09.263416,/,en
f6819b6f-2fcd-4feb-8742-1a3a233e7383,2026-02-16T01:25:09.263476,2026-02-16T01:42:09.263476,/widget,en
340fefa3-85fd-44a8-bc27-8f5342a27955,2026-02-09T01:12:09.263516,2026-02-09T01:29:09.263516,/,en
19e2f48f-af43-4c09-87de-b9dfa60a6ed8,2026-03-04T07:25:09.263564,2026-03-04T07:40:09.263564,/,en
17d69132-205a-4576-b01f-4fe099b5ae27,2026-03-01T23:14:09.263611,2026-03-01T23:21:09.263611,/,en
0c0b6bce-7a3a-4b09-990e-c8293a271a01,2026-03-02T04:48:09.263649,2026-03-02T04:56:09.263649,/widget,en
a40cd608-c249-4f93-ab4e-ea3c38da9a6f,2026-02-22T01:49:09.263713,2026-02-22T01:59:09.263713,/concierge,en
12b6f52f-fa3a-4025-a494-be01d34e187c,2026-02-25T03:42:09.263767,2026-02-25T04:02:09.263767,/concierge,en
4beab96f-e46e-49a0-af1e-884a0592f340,2026-02-21T05:56:09.263818,2026-02-21T06:04:09.263818,/,en
a48ff43b-7ec7-41c4-a0bc-c886943dc169,2026-02-19T05:53:09.263866,2026-02-19T05:59:09.263866,/,en
3de8bd6c-897a-401b-a82e-b9811ec23e75,2026-02-21T03:33:09.263903,2026-02-21T03:51:09.263903,/concierge,en
7fb99551-d1b1-440d-9255-87c5ff0ea723,2026-02-26T18:31:09.263935,2026-02-26T18:49:09.263935,/widget,en
563fd591-9715-4188-839f-97b01dc406d0,2026-02-25T03:45:09.263966,2026-02-25T03:52:09.263966,/,en
eb6be59d-0216-4ec7-b310-fbdc64695478,2026-02-25T19:40:09.264011,2026-02-25T19:53:09.264011,/,en
c80970a5-8286-4335-9c77-cfc612df6e19,2026-02-15T21:55:09.264054,2026-02-15T22:07:09.264054,/widget,en
920d76f6-794f-4dce-a916-0ce23e4d8d40,2026-02-27T04:57:09.264102,2026-02-27T05:06:09.264102,/concierge,en
f6eb2b68-5961-453f-bab8-295ee3c0327d,2026-03-03T08:29:09.264140,2026-03-03T08:42:09.264140,/,en
b20c0bb7-4ed8-4893-9ce6-4e64d3140003,2026-03-01T03:27:09.264173,2026-03-01T03:40:09.264173,/,en
e6dee0e4-62e8-43fe-bfd1-c221da5f05e9,2026-03-01T21:22:09.264216,2026-03-01T21:33:09.264216,/concierge,en
654405c0-7014-48e5-b732-f17d844d040b,2026-03-01T19:58:09.264269,2026-03-01T20:18:09.264269,/concierge,en
7b48f317-bc4e-42dc-9953-f92dce834187,2026-02-27T03:08:09.264312,2026-02-27T03:24:09.264312,/,en
03495a97-ea9a-491d-ab07-d58e7278eb0d,2026-03-03T04:54:09.264362,2026-03-03T05:06:09.264362,/,en
3c70c998-5a0a-45c0-905e-832ab4a8056f,2026-02-28T20:32:09.264405,2026-02-28T20:50:09.264405,/,en
f659dbe7-8b89-4fef-9af8-876691d72fcd,2026-03-02T23:27:09.264466,2026-03-02T23:39:09.264466,/widget,en
8d9a0888-b8b1-4073-8a28-b4f06d74c844,2026-02-27T05:49:09.264510,2026-02-27T05:57:09.264510,/,en
2848d5e8-35d3-4e80-afb4-66f7f6eb9d28,2026-02-18T22:40:09.264561,2026-02-18T22:50:09.264561,/,en
33a0d7c6-0c44-43dc-b8af-d3792a0fbbc3,2026-02-20T04:00:09.264605,2026-02-20T04:05:09.264605,/widget,en
c526b8be-5785-45e2-aa89-940c800e1e81,2026-02-26T19:40:09.264638,2026-02-26T19:51:09.264638,/,en
9e1f1ba8-1e42-4e8b-8b72-bfb0653f1610,2026-02-22T07:37:09.264683,2026-02-22T07:44:09.264683,/widget,en
2c3ed1ec-8bd8-4c5b-906f-7ea3f6a30f98,2026-02-28T02:42:09.264717,2026-02-28T02:53:09.264717,/concierge,en
26061b29-465e-4d01-b3a1-da1fe21327a8,2026-02-28T23:17:09.264758,2026-02-28T23:30:09.264758,/concierge,en
48a1e84a-bb92-4c79-a69d-2160ac230f3f,2026-03-04T01:34:09.264804,2026-03-04T01:42:09.264804,/widget,en
8f2f4b09-d7fc-43a5-91c6-a4c01a79e2e1,2026-03-04T11:08:09.264849,2026-03-04T11:17:09.264849,/widget,en
0b2c8fa8-079c-4997-a2c6-a60461a79596,2026-02-25T09:14:09.264890,2026-02-25T09:33:09.264890,/,en
7f10ea08-9b30-47f4-94dc-fe0ca56ce201,2026-02-22T19:04:09.264929,2026-02-22T19:13:09.264929,/concierge,en
2ac2bd37-b3ef-431a-8a02-627b940d7982,2026-02-26T22:52:09.264976,2026-02-26T23:06:09.264976,/concierge,en
1019f61b-640a-44bd-b218-b2fbdc9e5a78,2026-02-06T04:34:09.265021,2026-02-06T04:51:09.265021,/,en
62210bc2-029d-4ee3-a426-7137a1047ba9,2026-02-28T03:08:09.265065,2026-02-28T03:22:09.265065,/widget,en
8bb69980-4d6b-4c8a-8874-7a7011f99040,2026-02-24T07:46:09.265111,2026-02-24T07:51:09.265111,/concierge,en
b447576d-b6ec-43d3-877e-2a3dee745b0d,2026-02-27T19:26:09.265141,2026-02-27T19:33:09.265141,/concierge,en
d984f725-3f7a-4ea8-bcbe-bdd3821ccc39,2026-03-03T00:05:09.265185,2026-03-03T00:11:09.265185,/concierge,en
7cb24786-0f87-42eb-8719-19a49ef27b86,2026-02-18T00:10:09.265224,2026-02-18T00:19:09.265224,/concierge,en
a2df5ecd-0dde-4541-b14d-88bbef30d184,2026-02-07T01:10:09.265258,2026-02-07T01:19:09.265258,/widget,en
a11d464d-2d90-459f-9595-b238d5adb87e,2026-02-16T15:12:09.265289,2026-02-16T15:19:09.265289,/concierge,en
46dc2728-991c-4386-be72-9b651d118b08,2026-02-26T21:35:09.265326,2026-02-26T21:44:09.265326,/,en
274a6cce-ed81-4af0-95fb-3281aedb315d,2026-02-19T18:57:09.265359,2026-02-19T19:06:09.265359,/concierge,en
d898a8ea-6044-45f1-a0f8-c43aa436a814,2026-02-09T06:56:09.265391,2026-02-09T07:14:09.265391,/widget,en
32587838-a1ee-4d9e-92a8-400f9c0ea0fd,2026-02-18T06:43:09.265422,2026-02-18T06:51:09.265422,/concierge,en
a6dbeb99-1c23-48d9-a38e-94eb93da90c5,2026-02-27T04:32:09.265454,2026-02-27T04:37:09.265454,/,en
30a83e12-06e3-4bce-afa2-235b9672f8be,2026-02-27T21:12:09.265504,2026-02-27T21:31:09.265504,/widget,en
42c1b4a6-87db-4c46-b41c-ccba78879836,2026-03-01T01:23:09.265553,2026-03-01T01:28:09.265553,/concierge,en
1d213bfd-8601-49f9-9608-0d8a1ebcede4,2026-03-02T03:34:09.265587,2026-03-02T03:46:09.265587,/widget,en
f2ae3962-50a9-4379-89b0-d34b30bb2f7c,2026-02-24T18:45:09.265631,2026-02-24T18:53:09.265631,/widget,en
a9d902eb-d821-4617-b817-12f8558bf358,2026-02-26T23:37:09.265697,2026-02-26T23:46:09.265697,/concierge,en
50cad440-3089-4399-9df5-d9267ffba06e,2026-02-28T21:38:09.265735,2026-02-28T21:51:09.265735,/concierge,en
856ef714-df70-4660-b41b-5f9dca4a2597,2026-02-25T06:59:09.265777,2026-02-25T07:16:09.265777,/widget,en
e4a77de6-5afc-405b-9954-2a7af6f0c5e1,2026-02-25T05:09:09.265812,2026-02-25T05:20:09.265812,/widget,en
3992bfbd-b08b-4e5d-a4e1-99f0d14abaef,2026-02-28T18:59:09.265852,2026-02-28T19:10:09.265852,/,en
db499fb8-7503-4d02-8c74-789d2e10f42f,2026-02-04T04:56:09.265884,2026-02-04T05:07:09.265884,/,en
919b0027-670d-46c9-a2af-52b2591695e0,2026-02-21T03:36:09.265927,2026-02-21T03:43:09.265927,/,en
30da1818-8879-4f6a-afc8-b6e3acbc7913,2026-02-22T19:15:09.265957,2026-02-22T19:22:09.265957,/,en
8b61ea9b-4b0a-4923-9dac-bb5d56eafb22,2026-02-26T07:40:09.266006,2026-02-26T07:54:09.266006,/concierge,en
6fa8bfc2-a666-4c7d-8d99-a29d5e6038d1,2026-02-13T01:13:09.266041,2026-02-13T01:21:09.266041,/concierge,en
e148922f-927f-40e4-b5f9-b654abc90ae9,2026-02-26T00:13:09.266084,2026-02-26T00:24:09.266084,/widget,en
e54c74a0-032d-4fd9-a010-e11e08f38aed,2026-02-13T00:09:09.266121,2026-02-13T00:17:09.266121,/widget,en
0fd1ede7-43f9-4ba4-9409-026f3295a243,2026-02-15T00:36:09.266157,2026-02-15T00:51:09.266157,/widget,en
ccb685ff-2642-4766-88e2-d1a0bee2adfe,2026-02-28T20:09:09.266203,2026-02-28T20:23:09.266203,/concierge,en
42bc782b-4321-49d4-bb93-7824d42ed917,2026-03-03T22:10:09.266248,2026-03-03T22:15:09.266248,/widget,en
2631b13e-ee3f-46f9-a870-6ede8bd3696e,2026-03-04T08:45:09.266289,2026-03-04T08:59:09.266289,/widget,en
3e5649c8-e904-4e43-bc27-c3e4aa73a24d,2026-03-01T10:02:09.266323,2026-03-01T10:19:09.266323,/concierge,en
072fa9e6-603c-488b-9959-f272c9e642d4,2026-03-03T21:01:09.266372,2026-03-03T21:15:09.266372,/widget,en
a1c451c1-4cf6-4a37-a0bc-fc0c4f42997b,2026-02-23T03:11:09.266403,2026-02-23T03:18:09.266403,/widget,en
f6e381bc-f61a-4fe5-8c20-f89107ff3442,2026-02-20T07:59:09.266452,2026-02-20T08:14:09.266452,/concierge,en
8cb2e3f5-0930-403c-9f0d-0a4c8a50a941,2026-02-26T02:42:09.266493,2026-02-26T02:54:09.266493,/widget,en
3acd1969-f2f1-4668-bd98-1a66c87931c3,2026-03-03T04:35:09.266534,2026-03-03T04:46:09.266534,/widget,en
063315ba-7189-4eb7-b0d0-79d278022bc1,2026-02-21T00:39:09.266569,2026-02-21T00:58:09.266569,/concierge,en
869690f9-68b8-4c5c-a784-47e961cd065e,2026-02-19T05:14:09.266612,2026-02-19T05:29:09.266612,/concierge,en
6e844716-24fe-41f8-928d-3d8d6b7bac3d,2026-02-17T18:36:09.266660,2026-02-17T18:50:09.266660,/widget,en
6b7012b7-a441-45fc-be97-90e68ce33a36,2026-02-25T19:07:09.266707,2026-02-25T19:14:09.266707,/concierge,en
02dd367f-daac-4263-984a-dab5a978f6fd,2026-02-17T08:33:09.266741,2026-02-17T08:40:09.266741,/,en
586c3d0d-d38e-46bd-a924-1e1f0d473832,2026-03-04T00:27:09.266792,2026-03-04T00:32:09.266792,/concierge,en
bb8fc9e2-39a1-4abd-b094-72f5702e2a06,2026-02-25T03:05:09.266826,2026-02-25T03:17:09.266826,/widget,en
21fa88bc-72c7-4a2b-81af-1f448628d827,2026-03-04T04:18:09.266873,2026-03-04T04:29:09.266873,/concierge,en
39784639-4fce-4359-9a52-d92446458a1d,2026-02-25T01:39:09.266915,2026-02-25T01:46:09.266915,/concierge,en
bc957db0-8e7f-4c18-97ef-8804c51543ee,2026-02-26T21:30:09.266958,2026-02-26T21:37:09.266958,/concierge,en
abb30c64-fed6-43f0-a51a-3f9f497c3378,2026-03-01T09:31:09.266996,2026-03-01T09:39:09.266996,/widget,en
d9426299-c649-4386-a47e-8c868d9ae1e3,2026-02-26T09:22:09.267043,2026-02-26T09:31:09.267043,/,en
d4bf746c-0a0b-4ba7-8af7-a5cba12e8788,2026-02-20T18:36:09.267077,2026-02-20T18:47:09.267077,/widget,en
51603cbc-7de7-426d-ac55-555bd31143f3,2026-02-24T23:09:09.267120,2026-02-24T23:15:09.267120,/widget,en
15d275e0-f8d7-44af-8b5e-b6d846423a87,2026-02-19T22:31:09.267153,2026-02-19T22:51:09.267153,/concierge,en
792065d0-3009-47a6-876a-f8d303f844f9,2026-02-14T23:45:09.267201,2026-02-14T23:51:09.267201,/concierge,en
b3962aac-a6ad-48ec-9856-102752fe766e,2026-02-27T23:27:09.267249,2026-02-27T23:34:09.267249,/,en
e95892de-d47b-4a1e-9257-8f2f114e524e,2026-02-18T23:37:09.267286,2026-02-18T23:50:09.267286,/,en
23c3c971-6ba8-420d-8984-723914c9472d,2026-02-13T21:08:09.267326,2026-02-13T21:23:09.267326,/concierge,en
86e1b20d-dcf4-4c54-8be4-0f84f537d055,2026-02-26T21:15:09.267375,2026-02-26T21:22:09.267375,/,en
fcfe135d-5a64-40ec-89f7-fc80ca54eca8,2026-02-19T22:04:09.267419,2026-02-19T22:16:09.267419,/,en
006fdb91-7f43-4b44-8bf6-f15669828c42,2026-03-02T05:01:09.267451,2026-03-02T05:11:09.267451,/,en
e7889323-93b9-413c-802d-011eb3b82051,2026-02-09T00:10:09.267500,2026-02-09T00:19:09.267500,/concierge,en
60061417-dfbe-4f86-b9e8-652439e83f09,2026-02-15T19:18:09.267532,2026-02-15T19:34:09.267532,/widget,en
41416dfe-7dcc-4445-8c90-e18c0d68f341,2026-03-02T04:07:09.267566,2026-03-02T04:16:09.267566,/widget,en
1ad3f8bc-b1fc-4fad-a9f5-cc7425845e43,2026-03-02T22:53:09.267606,2026-03-02T23:05:09.267606,/widget,en
bacbd178-d927-4178-900c-d3b27205969e,2026-02-16T18:47:09.267655,2026-02-16T18:55:09.267655,/widget,en
5742b5a1-87a8-4816-a8e7-f7f5f3b9d3e4,2026-02-25T23:29:09.267695,2026-02-25T23:44:09.267695,/widget,en
603252b6-98ee-483e-9ad2-9a88c0645615,2026-02-25T21:41:09.267727,2026-02-25T21:56:09.267727,/,en
eb83023d-0e76-4fb6-8532-5e09548a2120,2026-02-24T21:07:09.267774,2026-02-24T21:25:09.267774,/concierge,en
46b4a4f6-c0f5-4da6-9116-eb3ad0863fd7,2026-02-22T04:32:09.267822,2026-02-22T04:39:09.267822,/widget,en
15b424db-b5bb-4253-8bfe-2575c794a61d,2026-03-01T10:19:09.267869,2026-03-01T10:31:09.267869,/widget,en
790d0959-97cc-4780-98dc-9688efd40f69,2026-02-19T23:52:09.267911,2026-02-20T00:03:09.267911,/concierge,en
31c3277e-555d-4c3f-ad54-595d91ff91ec,2026-02-06T01:20:09.267948,2026-02-06T01:28:09.267948,/,en
24653b02-7719-4105-9447-4fb5e2d5eb59,2026-02-05T01:33:09.267996,2026-02-05T01:39:09.267996,/,en
6cf2be72-c828-4f65-bc15-0268c44cdd49,2026-02-28T00:45:09.268036,2026-02-28T00:56:09.268036,/,en
bca77cdd-0c40-44f2-9104-4a8321b582b5,2026-02-14T05:26:09.268069,2026-02-14T05:34:09.268069,/widget,en
e499a9cd-2d45-42ca-a20a-c3a1672e2188,2026-03-02T04:27:09.268103,2026-03-02T04:34:09.268103,/,en
c4d3e06f-6b40-4869-b91f-9096f389edf6,2026-02-25T22:27:09.268139,2026-02-25T22:47:09.268139,/concierge,en
d8ed00c0-dbb9-4470-a9b3-4bda30263f2d,2026-02-11T21:30:09.268187,2026-02-11T21:38:09.268187,/widget,en
7fa56b35-6edf-4e91-9d5f-e4f550d09e36,2026-02-22T05:11:09.268234,2026-02-22T05:28:09.268234,/,en
4777ddca-0cb7-49bd-b4dc-1071b8f8b0e7,2026-02-26T23:17:09.268274,2026-02-26T23:36:09.268274,/,en
b43cf046-9ab3-4799-adb9-ec33b58c200a,2026-03-04T07:51:09.268315,2026-03-04T08:00:09.268315,/concierge,en
952fd294-1e01-47f2-a89d-059f568be349,2026-03-01T23:33:09.268366,2026-03-01T23:52:09.268366,/concierge,en
f53f5b33-e4f1-4082-9214-839c8c9e1363,2026-03-01T05:28:09.268408,2026-03-01T05:37:09.268408,/concierge,en
2abd1918-5bf0-4d22-bbe5-3d265da00878,2026-02-27T19:35:09.268452,2026-02-27T19:53:09.268452,/widget,en
5267fd00-fd41-4c53-9171-70a79818b716,2026-03-01T22:10:09.268485,2026-03-01T22:28:09.268485,/,en
3e0d6f08-f875-49ad-9315-554984f7681f,2026-02-16T20:56:09.268518,2026-02-16T21:05:09.268518,/,en
3d08d06e-a03b-4f01-bc79-06bad3221d8a,2026-03-03T21:07:09.268564,2026-03-03T21:13:09.268564,/widget,en
64730f97-267b-45db-bdab-e63a7591411e,2026-03-04T03:58:09.268598,2026-03-04T04:15:09.268598,/,en
c27c6c5e-8a70-43c9-a28a-77b969eeddb5,2026-02-08T04:26:09.268640,2026-02-08T04:43:09.268640,/widget,en
ab7fa0ec-9cef-457d-9612-83ce0d89bf87,2026-03-03T22:43:09.268689,2026-03-03T22:51:09.268689,/widget,en
3e2b2bf5-2457-46e6-821e-9ab72e86f61a,2026-02-26T00:42:09.268730,2026-02-26T00:55:09.268730,/concierge,en
8e1c5276-5542-45e9-a1a5-6910b9e45b7e,2026-02-25T18:45:09.268766,2026-02-25T18:52:09.268766,/concierge,en
727a6402-bcc4-49cb-adcd-a825b678f9e8,2026-02-19T02:14:09.268803,2026-02-19T02:21:09.268803,/,en
ba3c09eb-529a-45de-8273-c7d47cc2af99,2026-03-03T23:41:09.268837,2026-03-04T00:00:09.268837,/,en
f08d4907-4653-403e-b413-052d2da40fb3,2026-03-04T02:06:09.268871,2026-03-04T02:21:09.268871,/concierge,en
c951b658-373e-4b4c-9dc6-3f9aa58e175e,2026-03-02T01:38:09.268907,2026-03-02T01:50:09.268907,/,en
6d59f0b9-029b-4260-803f-e4ccf7d90204,2026-03-02T08:44:09.268943,2026-03-02T08:58:09.268943,/,en
19007d8e-c4a2-4b78-a5bc-ee8717811f83,2026-02-24T01:50:09.268983,2026-02-24T01:57:09.268983,/widget,en
3a55a18f-26a9-4e84-9627-4dda4d88ebfe,2026-02-28T18:57:09.269023,2026-02-28T19:10:09.269023,/,en
de0cd9dd-812b-4099-91ee-1388582bec47,2026-02-25T21:24:09.269062,2026-02-25T21:41:09.269062,/concierge,en
8e3285da-92ee-4fc4-8a38-3e2b82b2b774,2026-02-28T21:14:09.269108,2026-02-28T21:25:09.269108,/,en
e306b65b-2dce-489c-a864-c1370c09fd52,2026-03-04T00:37:09.269144,2026-03-04T00:47:09.269144,/concierge,en
b3163e21-a8d5-4278-b2bb-99d54f1e5248,2026-02-16T22:24:09.269192,2026-02-16T22:43:09.269192,/,en
e971b434-f656-4dc0-a669-7d471f2f5f47,2026-02-27T20:18:09.269232,2026-02-27T20:25:09.269232,/,en
bce90456-f157-4626-a020-e12a02d0484a,2026-02-26T02:14:09.269265,2026-02-26T02:24:09.269265,/widget,en
6452ada4-cf0d-49c1-8edd-1acf45fc82b2,2026-03-03T19:30:09.269299,2026-03-03T19:36:09.269299,/,en
f2a5e77b-25b1-4a40-a8a1-bb1760d43f01,2026-02-13T19:43:09.269349,2026-02-13T19:55:09.269349,/widget,en
b9f8ec35-4e50-4078-be16-e5aba15c2f6f,2026-02-24T20:40:09.269390,2026-02-24T20:57:09.269390,/widget,en
a2610d90-c73b-41ba-a21d-6042917978af,2026-02-10T19:17:09.269430,2026-02-10T19:24:09.269430,/concierge,en
eb5b1f08-3029-424e-97b2-01faa8c6ae14,2026-02-17T19:00:09.269477,2026-02-17T19:11:09.269477,/,en
520f8021-1f90-4362-a932-ec431d17d713,2026-02-18T23:58:09.269526,2026-02-19T00:15:09.269526,/concierge,en
aeefe1ad-5a20-484a-a41c-bb9704e555b0,2026-02-24T19:28:09.269560,2026-02-24T19:39:09.269560,/concierge,en
b1094e7f-882d-4909-8b7c-7f3894f6ae7c,2026-02-15T23:21:09.269593,2026-02-15T23:36:09.269593,/,en
ff1c6d17-3c71-4451-8de2-5241a901cb21,2026-03-01T04:44:09.269642,2026-03-01T04:50:09.269642,/concierge,en
978df3a2-5bec-4400-944e-b2a82a1e98c6,2026-02-25T23:30:09.269685,2026-02-25T23:36:09.269685,/concierge,en
d248cc9e-88ce-4ded-b684-90cb3ba380eb,2026-03-01T23:03:09.269729,2026-03-01T23:10:09.269729,/widget,en
b1b6001e-f35e-4f95-850d-36635f8d23ce,2026-03-03T08:36:09.269779,2026-03-03T08:43:09.269779,/concierge,en
4f93bf3f-dc29-44df-a570-e25cac6ea588,2026-03-01T12:43:09.269822,2026-03-01T12:56:09.269822,/concierge,en
d5ff8a97-8926-4d71-992a-038e63bbd593,2026-02-27T08:23:09.269863,2026-02-27T08:37:09.269863,/concierge,en
8f231fd9-a1f7-4a8a-b275-d006181a37c4,2026-02-27T01:35:09.269907,2026-02-27T01:47:09.269907,/widget,en
42b6f383-5177-431a-9d2b-c55bb54032eb,2026-02-21T11:20:09.269955,2026-02-21T11:30:09.269955,/,en
5a7d8037-0607-4d4f-9773-38e4e0d5ec8c,2026-02-01T22:15:09.269996,2026-02-01T22:33:09.269996,/widget,en
78088483-8a94-478a-937d-db79313f46e5,2026-02-26T02:11:09.270030,2026-02-26T02:29:09.270030,/widget,en
0869c5f0-7cee-4e70-b461-dec8ded52dfd,2026-03-02T20:39:09.270080,2026-03-02T20:44:09.270080,/concierge,en
959e8bde-0d12-4fb0-87d7-e6f3baf6882c,2026-02-14T04:36:09.270114,2026-02-14T04:41:09.270114,/concierge,en
227257bf-a5dc-4adf-86be-5ab8faf85012,2026-02-28T05:56:09.270163,2026-02-28T06:09:09.270163,/concierge,en
8d8631d1-d177-4e9c-9695-2025d36d19d8,2026-03-01T04:22:09.270197,2026-03-01T04:28:09.270197,/concierge,en
c66e9e06-1915-43dd-ab6c-dc7641e40bd6,2026-03-01T20:00:09.270232,2026-03-01T20:08:09.270232,/concierge,en
cfd9f45f-b05b-47c9-9253-170d259e4fd9,2026-02-21T03:51:09.270280,2026-02-21T04:08:09.270280,/,en
681b37a3-9717-4c7f-840d-35c850807f6b,2026-02-20T03:03:09.270314,2026-02-20T03:15:09.270314,/,en
6485d6f2-2110-4b6e-bf07-af6e17224df1,2026-02-06T22:45:09.270349,2026-02-06T22:58:09.270349,/concierge,en
3f7ca986-d532-4784-a4bc-3079b8c10c71,2026-02-24T22:40:09.270383,2026-02-24T22:57:09.270383,/,en
50f0d0b4-acaf-4e15-8c74-4c3622cfb96b,2026-02-26T03:36:09.270431,2026-02-26T03:45:09.270431,/,en
b0594cd2-de9c-4682-9b4b-05d55833ddc4,2026-03-02T03:45:09.270472,2026-03-02T03:52:09.270472,/concierge,en
6e776409-5904-45c8-a615-480976cddda3,2026-03-03T22:16:09.270513,2026-03-03T22:25:09.270513,/concierge,en
26e379c6-7016-47b4-8981-c79645bde169,2026-02-25T19:40:09.270560,2026-02-25T19:47:09.270560,/widget,en
ac7c12a1-8f90-418b-9450-3b29dadbcab9,2026-02-09T19:20:09.270595,2026-02-09T19:26:09.270595,/concierge,en
e814733b-5ed3-478a-bee3-c0af87c33a9f,2026-03-02T08:38:09.270647,2026-03-02T08:43:09.270647,/concierge,en
75a9c6c3-9793-4404-91e5-53a72cbc71f7,2026-02-20T18:41:09.270689,2026-02-20T18:56:09.270689,/,en
20aba2ba-0a12-49f7-a589-ad12dcbe574e,2026-02-27T02:49:09.270737,2026-02-27T02:57:09.270737,/,en
72572014-8228-4463-b405-ad8e3cd3c58a,2026-02-14T21:52:09.270771,2026-02-14T22:10:09.270771,/concierge,en
72e421be-806c-45db-8b16-762029d0e089,2026-02-17T18:54:09.270807,2026-02-17T19:11:09.270807,/concierge,en
c267ede3-1d59-400f-b7fd-5c4359575b0d,2026-02-20T02:38:09.270848,2026-02-20T02:54:09.270848,/,en
0c5d1a4a-6b8c-4fbe-9d24-2a18be15f19c,2026-02-23T04:44:09.270891,2026-02-23T04:53:09.270891,/widget,en
a89cf70a-ad58-4210-9bfb-77b763c4c536,2026-02-28T06:12:09.270932,2026-02-28T06:28:09.270932,/widget,en
7d039f4c-693c-4409-a095-5f0bf4d33a12,2026-03-01T03:43:09.270966,2026-03-01T03:54:09.270966,/,en
b84bc4bc-f34e-4191-9650-dcdf61354618,2026-02-25T20:20:09.270999,2026-02-25T20:35:09.270999,/widget,en
909926b4-b587-4ca8-b25f-97f355f28527,2026-03-02T05:49:09.271047,2026-03-02T06:02:09.271047,/widget,en
e8818686-8d7c-4bb4-b943-f85bee48d95f,2026-02-25T06:06:09.271098,2026-02-25T06:25:09.271098,/,en
ffe9c1c8-4317-4cfd-a841-2da152d6dd2f,2026-02-23T04:21:09.271141,2026-02-23T04:34:09.271141,/widget,en
176f24f0-5d95-43af-bfec-399d664bd9ee,2026-02-14T11:48:09.271175,2026-02-14T11:53:09.271175,/widget,en
dcea1336-04b8-4269-a1a9-aaa402ecfa3e,2026-02-20T04:26:09.271208,2026-02-20T04:44:09.271208,/,en
a0c44bfc-5841-4aa7-8f79-8a5baadd0bf8,2026-02-27T04:47:09.271257,2026-02-27T05:06:09.271257,/,en
e5e13b62-9c79-41d5-abc0-02351ed98dd2,2026-03-01T04:00:09.271290,2026-03-01T04:14:09.271290,/,en
d219e47b-07b3-48c2-9980-f72827c3e8c6,2026-03-02T00:28:09.271335,2026-03-02T00:47:09.271335,/concierge,en
f0459b6f-4e65-4e68-a853-f63b459c7e59,2026-02-24T05:34:09.271377,2026-02-24T05:40:09.271377,/,en
e1153cf5-9bdb-43b5-bf23-2fe701dd5f63,2026-03-02T23:09:09.271418,2026-03-02T23:25:09.271418,/,en
22c0fccb-1ff6-49ba-a693-fa5cabb841e8,2026-02-25T02:42:09.271457,2026-02-25T02:59:09.271457,/,en
29270cf3-fc35-4bd0-a7f1-99401e09062b,2026-02-16T04:16:09.271490,2026-02-16T04:27:09.271490,/,en
6fee5ae1-5354-4872-b6c1-c038913ad8de,2026-02-16T23:39:09.271530,2026-02-16T23:47:09.271530,/widget,en
324ced82-e568-4343-b79a-25639211ec46,2026-02-23T00:37:09.271564,2026-02-23T00:43:09.271564,/,en
39c6ed67-774b-43ae-bdbb-1d6d484a258a,2026-02-28T22:35:09.271606,2026-02-28T22:51:09.271606,/widget,en
67a97307-7561-4bda-a751-d623a2083915,2026-02-26T18:22:09.271637,2026-02-26T18:38:09.271637,/,en
f1349997-fa2f-4928-93c2-9cfe2e89db63,2026-02-17T16:47:09.271680,2026-02-17T16:53:09.271680,/,en
10503a6e-74e7-4f1a-bd33-5c67c002000b,2026-02-24T05:54:09.271714,2026-02-24T06:11:09.271714,/widget,en
1881cfcd-5ca8-48cb-89a3-0af04e8c900e,2026-03-02T19:43:09.271760,2026-03-02T19:49:09.271760,/,en
5248a148-e2a4-44dd-ae6a-e4acc97b36bf,2026-03-03T03:46:09.271793,2026-03-03T04:02:09.271793,/widget,en
d96a4b1a-c856-432a-85b3-331105804c4f,2026-02-26T03:24:09.271834,2026-02-26T03:36:09.271834,/widget,en
670c8277-308f-4a3e-a57d-7da1f2fcd027,2026-02-25T19:10:09.271868,2026-02-25T19:21:09.271868,/,en
60a399d7-e7d7-4d8e-b6a9-d5c3884573e8,2026-02-07T03:32:09.271909,2026-02-07T03:41:09.271909,/concierge,en
b1dcd2c0-c17b-4ce2-bbfb-33e77613dcaa,2026-02-06T23:00:09.271943,2026-02-06T23:10:09.271943,/,en
95f9a8ac-e751-4de4-af91-6d2eb5115f46,2026-02-28T05:51:09.271982,2026-02-28T06:00:09.271982,/widget,en
accc59be-6632-4805-b01e-32c39b794ddf,2026-03-02T01:10:09.272029,2026-03-02T01:28:09.272029,/concierge,en
066abbaa-02fc-44d1-919a-405f7ee0c9f3,2026-02-25T12:11:09.272077,2026-02-25T12:29:09.272077,/,en
872de46f-838a-4e7a-9d39-723e9efa9373,2026-02-27T02:25:09.272130,2026-02-27T02:30:09.272130,/concierge,en
8c953a5f-4e97-4664-acf1-ee567cde9aff,2026-02-17T20:40:09.272166,2026-02-17T20:54:09.272166,/widget,en
8b4c44fc-6acc-4f2f-8e95-0c25c8411ebd,2026-02-27T03:37:09.272206,2026-02-27T03:46:09.272206,/widget,en
b0c2624e-84c0-45c8-9594-14c2dd24bc43,2026-03-02T21:23:09.272255,2026-03-02T21:37:09.272255,/,en
01e8a6ba-5c45-4a61-b3a3-3d4922b37ade,2026-02-25T04:59:09.272296,2026-02-25T05:11:09.272296,/widget,en
fe86c765-9ec0-46fb-806e-11407c50feb7,2026-03-01T16:19:09.272347,2026-03-01T16:37:09.272347,/concierge,en
9f72fa53-2a48-4abd-a23d-bed2d857bbc6,2026-02-02T18:56:09.272388,2026-02-02T19:12:09.272388,/concierge,en
fa02a1b0-c36e-4dc2-9ac1-b002564e6e06,2026-02-06T02:48:09.272425,2026-02-06T02:57:09.272425,/,en
9247589a-fbf6-4363-bb90-e428ebc21412,2026-02-27T22:16:09.272467,2026-02-27T22:35:09.272467,/,en
e6c07b98-5e2d-4120-91fe-ea531382f05e,2026-02-26T03:01:09.272502,2026-02-26T03:17:09.272502,/widget,en
d2f94a00-ae42-4669-ae55-b9d64485c565,2026-03-03T05:08:09.272551,2026-03-03T05:27:09.272551,/concierge,en
4c890c48-cfd1-4440-b28b-852d65ddc5a6,2026-03-02T06:53:09.272600,2026-03-02T07:02:09.272600,/concierge,en
938ac03c-c6d5-4762-978c-7735f8f5266b,2026-03-03T22:20:09.272647,2026-03-03T22:37:09.272647,/concierge,en
0f3e0b57-5828-43fb-a60d-7f005ee1ba47,2026-03-02T21:46:09.272686,2026-03-02T21:53:09.272686,/,en
4395b14b-8260-4a25-bb4f-64358bf91c92,2026-02-24T03:00:09.272719,2026-02-24T03:10:09.272719,/,en
10a1b00b-9086-40f1-a48d-0d1411cb87a3,2026-02-04T00:59:09.272766,2026-02-04T01:09:09.272766,/widget,en
1f838b33-2e4c-46ab-bd59-a664c987c1b8,2026-02-09T02:35:09.272814,2026-02-09T02:51:09.272814,/widget,en
595674f1-9b91-4e1e-a5e3-8f056ce6ee75,2026-02-17T23:30:09.272855,2026-02-17T23:45:09.272855,/concierge,en
532e9bf3-b376-409c-b4a2-90ed3991ed17,2026-02-15T18:54:09.272901,2026-02-15T19:03:09.272901,/widget,en
541b24f5-29b6-4f8f-88f3-f68b4b6d41b5,2026-02-18T06:23:09.272935,2026-02-18T06:29:09.272935,/widget,en
4cf78839-42ea-4bd2-8bd7-e92e7a6c462a,2026-02-24T21:34:09.272977,2026-02-24T21:44:09.272977,/concierge,en
cc54f751-5974-485c-b326-5480dffa49be,2026-02-08T23:18:09.273026,2026-02-08T23:34:09.273026,/widget,en
a5083dec-e005-41fb-b037-aa91076d4386,2026-02-20T22:07:09.273067,2026-02-20T22:27:09.273067,/widget,en
bf9486e5-a92c-4081-a118-93b8de62d7cd,2026-02-17T08:41:09.273101,2026-02-17T08:55:09.273101,/widget,en
f39782e7-22c8-442f-ac6c-1ae5a33f20c2,2026-02-13T02:58:09.273148,2026-02-13T03:16:09.273148,/concierge,en
d0648587-9723-474f-ae42-45c0d0618c09,2026-02-28T00:17:09.273188,2026-02-28T00:27:09.273188,/widget,en
daf72492-6883-4375-a8d4-1aa57f553132,2026-02-24T03:23:09.273237,2026-02-24T03:34:09.273237,/concierge,en
539f6322-7d8d-4356-a67b-c3b2368ae83b,2026-02-18T06:50:09.273284,2026-02-18T07:08:09.273284,/,en
a7112fe4-43b1-41f2-ae99-e0329d165484,2026-02-24T05:56:09.273324,2026-02-24T06:12:09.273324,/,en
82075255-0f23-4ee7-b12c-d6f55824efb4,2026-02-23T05:56:09.273357,2026-02-23T06:14:09.273357,/widget,en
74c6cdb8-b985-4ae1-9441-02ff2380a023,2026-03-04T03:10:09.273395,2026-03-04T03:19:09.273395,/concierge,en
3d8801fc-34df-420a-abf2-463b56d0d581,2026-02-26T05:50:09.273440,2026-02-26T05:58:09.273440,/widget,en
9eba0a51-8916-42f7-9e1f-84bcaa67a7ae,2026-02-23T22:38:09.273480,2026-02-23T22:55:09.273480,/widget,en
c40c6bef-1407-4042-9a70-d7601f735c6f,2026-02-27T04:44:09.273514,2026-02-27T04:51:09.273514,/concierge,en
fac95c6c-bbb4-4bd3-be53-fe29bf55fcc1,2026-03-01T20:04:09.273547,2026-03-01T20:22:09.273547,/widget,en
79c41fe5-b5fd-4007-89b6-7f5901c1701d,2026-02-25T19:35:09.273590,2026-02-25T19:47:09.273590,/concierge,en
e9d8ec12-1861-446d-8e59-10527a1d0fed,2026-02-25T06:52:09.273629,2026-02-25T06:57:09.273629,/,en
7c862bba-fab2-403f-84ff-1c49c010e651,2026-02-24T03:17:09.273677,2026-02-24T03:33:09.273677,/widget,en
660c979a-b9d1-4fe8-859d-11e7ed7db7d7,2026-02-21T01:12:09.273710,2026-02-21T01:31:09.273710,/widget,en
614bff07-464a-4b89-8dc6-75378597717d,2026-02-26T23:10:09.273745,2026-02-26T23:19:09.273745,/concierge,en
c652b653-4733-474a-b543-8b10c96d7522,2026-02-19T23:21:09.273785,2026-02-19T23:30:09.273785,/,en
36679ea6-ccfa-47ea-bb36-6030f2291690,2026-03-02T15:36:09.273831,2026-03-02T15:51:09.273831,/,en
f59ad073-b61c-456d-a53c-f69839806429,2026-03-02T02:04:09.273878,2026-03-02T02:20:09.273878,/,en
c8836f15-8157-4d30-a784-e6f9b80e242e,2026-03-02T08:46:09.273914,2026-03-02T08:56:09.273914,/,en
31b46193-0ff0-4482-af77-6984ed944564,2026-02-27T05:42:09.273954,2026-02-27T06:00:09.273954,/widget,en
8dedd236-8e8e-436f-aec8-c65c343af153,2026-02-24T00:54:09.273988,2026-02-24T01:05:09.273988,/,en
54b38bcd-addd-4b35-9a63-626996ee9abc,2026-02-20T06:35:09.274027,2026-02-20T06:55:09.274027,/widget,en
643d66c5-b01e-47fe-8e29-bd1cf44d6c27,2026-03-04T04:11:09.274075,2026-03-04T04:22:09.274075,/,en
5a5cd867-23c4-4ec4-bf74-bce78daf33b3,2026-02-21T23:55:09.274124,2026-02-22T00:07:09.274124,/concierge,en
72d824a4-5e65-4b64-b659-e5728c13afc1,2026-02-27T00:38:09.274157,2026-02-27T00:50:09.274157,/widget,en
c7af4a76-9bac-4921-84ca-2b04ed1af310,2026-02-08T06:55:09.274190,2026-02-08T07:13:09.274190,/,en
8d0eb405-b1ec-4604-b0d0-e0a0b092b581,2026-02-27T02:30:09.274223,2026-02-27T02:36:09.274223,/widget,en
777e0d77-a24f-41dc-bccd-3c3f59dca50e,2026-03-02T19:52:09.274255,2026-03-02T20:00:09.274255,/,en
7eec3b37-d705-444a-8c0a-e55b4bc22891,2026-03-01T18:53:09.274288,2026-03-01T19:13:09.274288,/,en
6adac142-1819-40be-a47e-d4dfebdaa61c,2026-03-04T00:34:09.274334,2026-03-04T00:54:09.274334,/widget,en
ac77b827-73fd-4d45-a5d6-d4ae5b430b27,2026-02-19T09:39:09.274376,2026-02-19T09:51:09.274376,/,en
5492f288-58c6-4c99-a369-d5ea7c1db3d0,2026-03-01T04:06:09.274409,2026-03-01T04:19:09.274409,/widget,en
3d9d1457-1e3e-453f-926d-bd552cc6e5ae,2026-02-19T02:04:09.274456,2026-02-19T02:23:09.274456,/widget,en
9f5aa62f-fb48-460e-b477-db3f9763b610,2026-03-02T02:17:09.274491,2026-03-02T02:27:09.274491,/widget,en
81d13c7f-a9d0-4987-8466-64421b385d75,2026-02-28T23:34:09.274538,2026-02-28T23:49:09.274538,/concierge,en
de920162-012b-47f5-a082-8d2d598fa330,2026-02-09T12:22:09.274587,2026-02-09T12:36:09.274587,/,en
39996ccb-9d36-454f-865c-83ba90329636,2026-02-27T00:09:09.274626,2026-02-27T00:24:09.274626,/concierge,en
93118ef4-0910-4ecf-a9ce-31aff0e4d966,2026-03-04T01:48:09.274674,2026-03-04T02:02:09.274674,/widget,en
6304130a-34be-44da-a92f-94f46e6ef3a5,2026-02-27T02:25:09.274707,2026-02-27T02:42:09.274707,/,en
e385f2cb-433e-4d43-b0fa-6cf260d36855,2026-03-01T08:05:09.274741,2026-03-01T08:17:09.274741,/,en
f0cc5c1b-9140-4bec-aab0-28335814db34,2026-03-03T01:49:09.274788,2026-03-03T02:06:09.274788,/,en
9fca7269-4a56-480f-b7a2-bbcdf40e326d,2026-02-24T06:43:09.274821,2026-02-24T06:59:09.274821,/concierge,en
891c17c5-6e3b-4e52-b636-c9132cc2b3ba,2026-02-07T01:26:09.274867,2026-02-07T01:36:09.274867,/concierge,en
03f9c209-b5a1-4688-8a13-f3013888ecba,2026-02-08T07:09:09.274903,2026-02-08T07:14:09.274903,/widget,en
55cf106c-8587-406c-bf7e-fe7fbd14197a,2026-02-09T05:02:09.274938,2026-02-09T05:07:09.274938,/widget,en
e063c43b-accc-4bad-b8f0-35a046107ef2,2026-03-01T18:29:09.274971,2026-03-01T18:37:09.274971,/concierge,en
8b497301-292d-470e-b32f-2fda5c11a9a9,2026-02-24T23:17:09.275023,2026-02-24T23:30:09.275023,/concierge,en
5170f4ee-12ce-4f04-bb39-e3bb5979684d,2026-03-03T19:01:09.275064,2026-03-03T19:21:09.275064,/,en
d128d5d9-725b-4f91-9553-66bed1d097d5,2026-02-25T23:29:09.275096,2026-02-25T23:47:09.275096,/concierge,en
f8544ad3-a16a-4a3a-b2ff-503de8bba584,2026-02-25T12:45:09.275144,2026-02-25T12:56:09.275144,/widget,en
8bb1d029-d4d6-4ab5-8522-c08b0bb07104,2026-02-24T22:48:09.275186,2026-02-24T22:53:09.275186,/,en
aa04ae23-ce9e-453d-b99a-f7181389b00e,2026-03-04T04:01:09.275218,2026-03-04T04:14:09.275218,/widget,en
516763c8-5951-4afe-b242-3a3ae2c1c4e6,2026-02-25T02:20:09.275259,2026-02-25T02:27:09.275259,/widget,en
73aca432-95aa-4874-b41f-10dc246d19bd,2026-02-06T08:37:09.275310,2026-02-06T08:55:09.275310,/widget,en
7bce61ec-2855-4cfd-bee5-7c0565796623,2026-02-26T03:04:09.275351,2026-02-26T03:14:09.275351,/widget,en
3e53daf0-acc6-4171-bd7e-f3b783b285fe,2026-03-01T19:25:09.275397,2026-03-01T19:42:09.275397,/,en
73319cb2-f66e-4af4-a010-90fb2d43e24e,2026-02-14T09:14:09.275430,2026-02-14T09:25:09.275430,/widget,en
4dc38c68-edd9-4041-b1d5-e2d9866ca635,2026-02-24T22:14:09.275476,2026-02-24T22:25:09.275476,/concierge,en
e15eb3b5-93ce-436b-9cd7-7b109b24e909,2026-03-01T20:06:09.275528,2026-03-01T20:26:09.275528,/,en
bcb80de7-4bdc-4625-a609-47ee895a01fd,2026-02-28T09:04:09.275565,2026-02-28T09:18:09.275565,/widget,en
cd785cec-ca49-41fc-ba84-081ef115dcad,2026-02-23T23:09:09.275599,2026-02-23T23:20:09.275599,/widget,en
b0944097-1d3b-4172-a740-c40f0cfae6d0,2026-02-28T04:41:09.275645,2026-02-28T04:55:09.275645,/concierge,en
932a850f-90eb-4fed-9547-c8182a38637f,2026-03-02T22:10:09.275692,2026-03-02T22:24:09.275692,/concierge,en
009f5182-99d6-4ba2-bb9a-bee43cdd93a0,2026-02-04T03:18:09.275725,2026-02-04T03:31:09.275725,/,en
d4739e2f-50f4-43aa-bd41-22ffa989de5e,2026-03-02T22:19:09.275775,2026-03-02T22:32:09.275775,/widget,en
5b952a75-b37b-4d34-a4ed-c08919991a83,2026-03-03T06:43:09.275816,2026-03-03T06:56:09.275816,/,en
cca80ca1-79a5-4ee5-9090-6396ae9ac461,2026-03-02T22:27:09.275862,2026-03-02T22:43:09.275862,/,en
ad0759f1-a13a-45a2-b5ea-3b1acb48e662,2026-03-04T14:37:09.275902,2026-03-04T14:45:09.275902,/concierge,en
8876c142-e13f-426e-b074-a105f7465faa,2026-02-11T23:14:09.275936,2026-02-11T23:22:09.275936,/widget,en
2dde8496-b3fe-4901-bbec-b4fcf631df14,2026-02-23T09:59:09.275971,2026-02-23T10:19:09.275971,/,en
196ab383-0392-46f7-b7c1-5dd46e88be9f,2026-02-07T08:47:09.276012,2026-02-07T09:01:09.276012,/widget,en
b36c6c12-9c93-40f7-b040-fa0e04fd2b17,2026-03-01T03:35:09.276044,2026-03-01T03:43:09.276044,/widget,en
2573892e-e2db-4905-8b6e-f5473d83dbb7,2026-02-10T04:51:09.276077,2026-02-10T05:01:09.276077,/widget,en
c99b744d-cce6-44ec-bfe6-c31e2fe7d3d8,2026-02-08T03:11:09.276111,2026-02-08T03:19:09.276111,/,en
677f4732-a67a-416f-8502-46baaaf6b60d,2026-02-18T21:39:09.276152,2026-02-18T21:46:09.276152,/,en
45ab8ac1-d815-4cf7-a2df-7919157d89d3,2026-02-22T04:19:09.276199,2026-02-22T04:35:09.276199,/widget,en
9b58a29f-b1cc-4771-8360-f901f181a51a,2026-02-28T07:09:09.276237,2026-02-28T07:19:09.276237,/,en
16bbe3b0-f6e5-4219-8d5a-fd7c3826666b,2026-02-25T00:40:09.276270,2026-02-25T00:48:09.276270,/concierge,en
e83a92ad-2d54-46d0-bc19-f039dbdeae61,2026-03-02T21:13:09.276302,2026-03-02T21:25:09.276302,/concierge,en
707480ea-f655-4792-a327-f56459afff61,2026-02-18T19:11:09.276348,2026-02-18T19:31:09.276348,/widget,en
6e8949b2-ce96-4329-b205-b47dd59e88e1,2026-03-01T00:46:09.276389,2026-03-01T00:52:09.276389,/widget,en
a973ba9b-3b1e-45b7-9c8b-adeac80490b2,2026-02-04T18:32:09.276422,2026-02-04T18:39:09.276422,/widget,en
d44b0aa7-fc55-47db-96e2-ed7631d748b4,2026-03-04T07:38:09.276465,2026-03-04T07:48:09.276465,/widget,en
d3339d58-29ed-4f64-9fa3-a9b9a93ac2c5,2026-03-02T04:35:09.276498,2026-03-02T04:48:09.276498,/concierge,en
ceebb0ee-d0dd-44d8-be86-812878d17037,2026-02-02T05:47:09.276538,2026-02-02T05:57:09.276538,/,en
c7e5e60a-16b9-434c-ba44-7e05042814a8,2026-02-02T01:53:09.276572,2026-02-02T02:07:09.276572,/,en
1b9f349f-f96f-4a03-b0f1-58dfc6708b17,2026-02-05T04:11:09.276619,2026-02-05T04:18:09.276619,/,en
1bc5915f-ba2f-4e4b-b332-055d09066979,2026-02-28T09:28:09.276659,2026-02-28T09:46:09.276659,/,en
67208ed7-1cd0-448b-b7f7-7fdc731d33ec,2026-02-17T12:27:09.276692,2026-02-17T12:46:09.276692,/,en
88eb4a52-fd1b-45cd-9ffd-2362a81f34ff,2026-02-17T09:37:09.276744,2026-02-17T09:49:09.276744,/concierge,en
1f3e64a4-c6de-45d6-800d-62e75b9ff567,2026-02-22T01:13:09.276777,2026-02-22T01:22:09.276777,/,en
8f06a3e9-866a-4323-9da9-df9cd1b0f263,2026-02-24T03:54:09.276827,2026-02-24T04:13:09.276827,/concierge,en
81b6011d-a64b-4b98-b46a-9956a16050ad,2026-02-17T10:08:09.276866,2026-02-17T10:19:09.276866,/widget,en
66f6122c-aec1-4c9c-b3d1-c51a6fafa8ac,2026-03-02T23:03:09.276900,2026-03-02T23:17:09.276900,/widget,en
26211ee0-8c49-49d6-9a8b-aab969a13417,2026-03-01T21:21:09.276943,2026-03-01T21:41:09.276943,/concierge,en
8b0a1763-d86d-4e14-9822-e016596fd7d1,2026-02-16T04:54:09.276990,2026-02-16T05:10:09.276990,/,en
e14f14b3-d2f6-482f-a91a-4fe4a03a5e7b,2026-02-14T04:24:09.277029,2026-02-14T04:38:09.277029,/concierge,en
ffd72463-6d04-445f-b06d-4baca2186eb2,2026-03-01T20:53:09.277062,2026-03-01T21:00:09.277062,/concierge,en
85a2dbb7-e0a0-4f8c-bfca-01aed1e72f36,2026-02-24T04:08:09.277108,2026-02-24T04:19:09.277108,/,en
dae7df11-dea3-4f52-a305-7d03d9e5075a,2026-03-01T20:04:09.277150,2026-03-01T20:21:09.277150,/widget,en
da815157-2657-4836-83cc-8192aee24d39,2026-02-28T23:41:09.277190,2026-02-28T23:49:09.277190,/,en
cde92853-f99d-4548-9fc6-9e47e983cd1a,2026-02-26T20:45:09.277237,2026-02-26T21:00:09.277237,/concierge,en
34fe2ce5-f910-4c6c-8ad9-c86a9fb21b42,2026-02-16T00:55:09.277285,2026-02-16T01:10:09.277285,/widget,en
b14a28ed-396c-46b0-8e50-4f3d7a4be130,2026-02-05T15:51:09.277317,2026-02-05T16:01:09.277317,/widget,en
455aac31-4c91-4a63-924b-30745b65ee52,2026-03-03T21:53:09.277357,2026-03-03T22:13:09.277357,/,en
2bff25f6-2a87-4ad3-9aa2-792882f92c4e,2026-03-01T19:20:09.277397,2026-03-01T19:29:09.277397,/,en
850c25c6-194e-4b4d-90c6-89f404afdede,2026-02-07T00:42:09.277432,2026-02-07T00:52:09.277432,/widget,en
3ab9ba05-b97a-4641-af9b-72b34c551bf4,2026-03-02T23:53:09.277467,2026-03-03T00:12:09.277467,/concierge,en
d6ed779c-a67f-458d-b642-db5cc9b18347,2026-02-22T05:31:09.277514,2026-02-22T05:49:09.277514,/widget,en
4b0b5b6b-c6d4-4473-af94-e68159566139,2026-03-02T22:53:09.277548,2026-03-02T23:12:09.277548,/,en
f57a8f0d-d5c1-4135-b947-1c19302720cf,2026-03-02T20:35:09.277580,2026-03-02T20:44:09.277580,/,en
82cef0ef-20ad-43a1-b712-9d556855ffac,2026-03-03T09:17:09.277625,2026-03-03T09:23:09.277625,/widget,en
cb4a0fd0-a8c1-4f1f-9691-910e6449dce0,2026-02-26T09:02:09.277675,2026-02-26T09:10:09.277675,/,en
96c0b012-0e1b-4b4d-9d28-f8a20329c3ad,2026-02-15T12:15:09.277709,2026-02-15T12:29:09.277709,/widget,en
34ed8428-3b8c-4893-a5c3-f8b38374436e,2026-03-03T02:34:09.277755,2026-03-03T02:42:09.277755,/,en
475a520e-5e73-4c86-8a52-ef2e0b6cd2b2,2026-02-24T07:37:09.277794,2026-02-24T07:56:09.277794,/concierge,en
fad1757e-a67d-441e-bccc-8ae35663b6c2,2026-02-20T03:39:09.277827,2026-02-20T03:50:09.277827,/widget,en
d9f68552-818d-428d-8c07-fbde46d85828,2026-02-25T10:13:09.277861,2026-02-25T10:20:09.277861,/concierge,en
fc44a75b-6e7a-4dad-9056-484187d25afb,2026-02-18T00:40:09.277904,2026-02-18T00:58:09.277904,/concierge,en
43762f92-c055-4943-802a-ddfa4ce9fb43,2026-02-18T00:25:09.277955,2026-02-18T00:40:09.277955,/,en
6185827d-301b-4eda-92cb-1464437d072c,2026-03-03T04:05:09.277998,2026-03-03T04:16:09.277998,/concierge,en
948bc120-5da5-41bf-9c92-8f239e98eaec,2026-02-05T04:28:09.278041,2026-02-05T04:34:09.278041,/concierge,en
8ecbf890-7528-4047-9fb4-c492bb0a1c3a,2026-02-27T10:11:09.278092,2026-02-27T10:17:09.278092,/widget,en
94374bd3-4ed3-4f4b-aa95-1c8d08b5f097,2026-02-27T04:54:09.278125,2026-02-27T05:11:09.278125,/widget,en
89e748bc-9c1c-4f1a-86d4-e1eca4b25029,2026-02-26T08:24:09.278170,2026-02-26T08:42:09.278170,/,en
5624054b-58f9-4f39-932c-a60689e32668,2026-02-22T20:26:09.278202,2026-02-22T20:43:09.278202,/widget,en
6cd4bba3-41bd-4dcf-bbb7-874f1a20021c,2026-02-27T12:08:09.278250,2026-02-27T12:21:09.278250,/,en
8ac96275-a772-4c15-97cb-7eea0b1308da,2026-02-26T08:36:09.278283,2026-02-26T08:43:09.278283,/widget,en
cb915fd8-3ab4-4ba3-ab91-cbcfab7d6ba2,2026-02-25T21:00:09.278324,2026-02-25T21:18:09.278324,/,en
eead0ca4-c2b0-4817-a383-5df846ec2417,2026-03-02T10:01:09.278371,2026-03-02T10:14:09.278371,/,en
b7954430-436e-426a-bc87-7f8f4afe511a,2026-03-03T02:07:09.278414,2026-03-03T02:27:09.278414,/concierge,en
ad305dd0-44c9-44bc-949e-48de4e7ec5d0,2026-02-27T10:16:09.278454,2026-02-27T10:33:09.278454,/widget,en
d8714dd5-7ea4-4b9d-ad69-1dbc156799b1,2026-03-02T20:01:09.278488,2026-03-02T20:18:09.278488,/,en
5875f7ef-3cfb-42a4-b007-cfa2e7001a7b,2026-02-13T23:49:09.278527,2026-02-14T00:05:09.278527,/,en
eafad68d-69d8-4c3e-b64b-be9883d9f859,2026-02-18T07:01:09.278561,2026-02-18T07:17:09.278561,/widget,en
0c4c137d-6b0e-4b04-8ccc-db3af7c60fd3,2026-02-25T23:52:09.278596,2026-02-26T00:07:09.278596,/concierge,en
19b68a17-f5f6-4913-852e-60795341d1d9,2026-02-06T21:22:09.278635,2026-02-06T21:41:09.278635,/,en
6bf347e7-27c6-4d52-973e-21effd4aa725,2026-02-25T06:25:09.278681,2026-02-25T06:32:09.278681,/,en
502cdcaf-e153-4e49-aa9e-23701514fb64,2026-03-01T14:21:09.278721,2026-03-01T14:35:09.278721,/widget,en
d1027d88-3c53-40e7-abe1-59bc21f9d7d8,2026-02-10T21:38:09.278754,2026-02-10T21:46:09.278754,/concierge,en
6991042b-ee53-4e16-8c83-133e6812847a,2026-02-24T03:57:09.278801,2026-02-24T04:16:09.278801,/widget,en
228c698d-8831-458c-964f-65e991b29e47,2026-02-12T13:05:09.278833,2026-02-12T13:19:09.278833,/,en
fdea581d-f688-4071-a8f7-4ceda13c94a7,2026-02-26T12:42:09.278868,2026-02-26T12:54:09.278868,/widget,en
c53ed89c-741a-4ee8-9579-28f6757bc515,2026-02-22T01:59:09.278915,2026-02-22T02:15:09.278915,/,en
ded62eac-6974-4020-979c-b1710f02c31d,2026-02-16T19:23:09.278949,2026-02-16T19:33:09.278949,/,en
963978b9-7454-4b80-86a2-d72e68a913c5,2026-02-26T03:46:09.278996,2026-02-26T03:54:09.278996,/widget,en
c82f7c1e-1bc9-43b6-bb9a-273c9649d5c4,2026-02-21T03:15:09.279044,2026-02-21T03:22:09.279044,/widget,en
96b20f8e-1b5d-41d7-8630-0876a056b484,2026-02-26T04:52:09.279083,2026-02-26T05:09:09.279083,/concierge,en
43af6538-17e0-4992-a72d-c56acde7d599,2026-03-03T20:26:09.279117,2026-03-03T20:42:09.279117,/widget,en
81c92312-e66c-492d-a2af-eba35611d405,2026-03-01T02:54:09.279163,2026-03-01T03:09:09.279163,/widget,en
1a5780ee-016a-49c2-92a9-b4420ae88659,2026-03-01T01:06:09.279211,2026-03-01T01:22:09.279211,/widget,en
c502e695-7850-4427-91bb-731f1323148a,2026-02-02T00:46:09.279258,2026-02-02T00:54:09.279258,/,en
fd95137c-9f37-4a8c-ac3a-8f499fb7b28d,2026-02-02T23:22:09.279292,2026-02-02T23:27:09.279292,/concierge,en
d3d0d0da-f991-45c5-a0a7-20a631185800,2026-02-02T21:49:09.279338,2026-02-02T22:05:09.279338,/,en
a9252a87-ab81-403e-8849-dca1f80c77aa,2026-02-23T02:20:09.279380,2026-02-23T02:30:09.279380,/concierge,en
d485e35f-14ec-4420-a139-dcaf5ce8b0a9,2026-02-09T04:43:09.279427,2026-02-09T04:49:09.279427,/,en
e63aa92e-fd0d-41a2-9450-70d45ffd0aa3,2026-02-28T07:06:09.279461,2026-02-28T07:14:09.279461,/concierge,en
b73c76d8-05b3-4d46-a3e5-a76e47d46263,2026-02-27T22:01:09.279501,2026-02-27T22:06:09.279501,/concierge,en
5a7ae2b4-6c66-421b-8c7a-6a6f85514d73,2026-02-22T22:32:09.279535,2026-02-22T22:43:09.279535,/concierge,en
720ce3dd-b68e-4410-8118-a2c4b7653722,2026-02-24T19:45:09.279575,2026-02-24T19:50:09.279575,/widget,en
c785c7b5-812b-46b9-9088-6b4d4d5a5882,2026-03-02T23:25:09.279616,2026-03-02T23:31:09.279616,/,en
f2bba7f4-1020-4e4c-bf2f-38ae17639628,2026-02-26T23:03:09.279649,2026-02-26T23:11:09.279649,/concierge,en
dad056db-841c-468d-af7c-851684d7b752,2026-02-20T03:28:09.279696,2026-02-20T03:47:09.279696,/widget,en
86766f0a-1559-408b-9e2b-925f74ecaa02,2026-02-20T03:12:09.279730,2026-02-20T03:26:09.279730,/concierge,en
ce09a363-8413-473d-8cbe-7659924c7221,2026-02-15T04:05:09.279768,2026-02-15T04:25:09.279768,/,en
8ac06006-2adf-4702-bf03-a4edfbfcdb75,2026-02-28T19:52:09.279814,2026-02-28T20:01:09.279814,/concierge,en
2db86aa8-df48-4f42-a72e-090133cf9eda,2026-02-25T09:06:09.279858,2026-02-25T09:11:09.279858,/,en
4970989e-23e4-4ae8-a2b2-6b8692e40193,2026-03-03T18:55:09.279892,2026-03-03T19:04:09.279892,/,en
c1d401f6-aae8-40fd-bdd3-0c0180e3ffb4,2026-02-27T20:49:09.279932,2026-02-27T20:59:09.279932,/widget,en
174155e7-882a-4056-904b-6fdfc32cafcd,2026-02-19T20:32:09.279965,2026-02-19T20:39:09.279965,/,en
84f6478e-96d5-4afe-9588-4e6514c160eb,2026-02-28T02:40:09.280000,2026-02-28T02:52:09.280000,/,en
67b07a5d-26ef-4f4b-a4ab-e485161d4d31,2026-03-01T23:39:09.280046,2026-03-01T23:57:09.280046,/concierge,en
d75a2f9c-cb4a-4f98-9baf-f77b04d0ee49,2026-02-27T05:53:09.280095,2026-02-27T06:03:09.280095,/,en
b2a4ab4f-8ea7-4993-b885-33a5a81304c4,2026-02-18T20:36:09.280134,2026-02-18T20:44:09.280134,/concierge,en
a2a6cb6d-5c32-4b4c-aaa2-93b726d97af9,2026-03-01T19:07:09.280174,2026-03-01T19:20:09.280174,/concierge,en
cddd448a-8991-408f-be79-14dd16f029c0,2026-02-28T21:17:09.280208,2026-02-28T21:28:09.280208,/concierge,en
97b480fd-7d41-44d7-9c69-2afc3cfbaa28,2026-02-25T23:08:09.280242,2026-02-25T23:25:09.280242,/concierge,en
375870cd-98af-4505-9238-9e9bdfb02d82,2026-03-02T01:33:09.280276,2026-03-02T01:53:09.280276,/widget,en
702c11d8-7548-4d60-822d-1c914cea8752,2026-03-04T10:32:09.280325,2026-03-04T10:47:09.280325,/widget,en
10bbe548-f9ed-42bf-aac9-c370181de6f8,2026-02-24T22:47:09.280359,2026-02-24T23:04:09.280359,/widget,en
223f69ed-a7c2-48d7-9fd0-1c141348095d,2026-03-04T08:36:09.280392,2026-03-04T08:55:09.280392,/,en
55f0c07b-5d45-48f5-892e-736d2a7ea1e1,2026-02-26T16:18:09.280433,2026-02-26T16:26:09.280433,/concierge,en
